indice,TimeStamp,RocketName,freq,counter,state,gps_latitude,gps_longitude,altitude,apogee,voltageMon,last_ack,last_nack,RSSI,SNR,PacketLength
1,14:28:13,<2>,921,134,IDLE_SAFE,15.036231,100.912301,127.367,9.2219,0,3,0,-109,-1.5,72
2,14:28:15,<2>,921,135,IDLE_SAFE,15.036231,100.912301,127.2472,9.2219,0,3,0,-110,-2,72
3,14:28:17,<2>,921,136,IDLE_SAFE,15.036231,100.912301,127.1552,9.2219,0,3,0,-102,3,72
4,14:28:19,<2>,921,137,IDLE_SAFE,15.036231,100.912301,127.2241,9.2219,0,3,0,-106,1,72
5,14:29:27,<2>,921,171,IDLE_SAFE,15.036231,100.912301,127.4513,9.2219,0,3,0,-110,-2,72
6,14:33:01,<2>,921,22,IDLE_SAFE,15.036215,100.912339,127.9639,9.2219,0,3,0,-110,-2,71
7,14:33:03,<2>,921,23,IDLE_SAFE,15.036215,100.912339,127.9716,9.2219,0,3,0,-111,-2.25,71
8,14:33:05,<2>,921,24,IDLE_SAFE,15.036215,100.912339,127.9094,9.2219,0,3,0,-110,-2.75,71
9,14:40:35,<2>,921,249,IDLE_SAFE,15.036214,100.912368,125.3709,9.2219,0,3,0,-50,4,72
10,14:40:37,<2>,921,250,IDLE_SAFE,15.036214,100.912368,125.706,9.2219,0,3,0,-50,7.5,72
11,14:40:39,<2>,921,251,IDLE_SAFE,15.036214,100.912368,125.3524,9.2219,0,3,0,-52,7.25,72
12,14:40:41,<2>,921,252,IDLE_SAFE,15.036214,100.912368,125.2609,9.2219,0,3,0,-61,6.75,72
13,14:40:43,<2>,921,253,IDLE_SAFE,15.036214,100.912368,125.6325,9.2219,0,3,0,-56,7.75,72
14,14:40:45,<2>,921,254,IDLE_SAFE,15.036214,100.912368,125.3077,9.2219,0,3,0,-58,5.5,72
15,14:40:47,<2>,921,255,IDLE_SAFE,15.036214,100.912368,125.3035,9.2219,0,3,0,-61,5.25,72
16,14:40:49,<2>,921,0,IDLE_SAFE,15.036214,100.912368,125.4732,9.2219,0,3,0,-64,8,70
17,14:40:51,<2>,921,1,IDLE_SAFE,15.036214,100.912368,125.6413,9.2219,0,3,0,-57,7.25,70
18,14:40:53,<2>,921,2,IDLE_SAFE,15.036214,100.912368,125.4038,9.2219,0,3,0,-57,7,70
19,14:40:55,<2>,921,3,IDLE_SAFE,15.036214,100.912368,125.6037,9.2219,0,3,0,-66,7.25,70
20,14:40:57,<2>,921,4,IDLE_SAFE,15.036214,100.912368,125.5667,9.2219,0,3,0,-64,2.75,70
21,14:40:59,<2>,921,5,IDLE_SAFE,15.036214,100.912368,125.5169,9.2219,0,3,0,-63,3.25,70
22,14:41:01,<2>,921,6,IDLE_SAFE,15.036214,100.912368,125.1406,9.2219,0,3,0,-62,3.25,70
23,14:41:03,<2>,921,7,IDLE_SAFE,15.036214,100.912368,125.4449,9.2219,0,3,0,-57,6.75,70
24,14:41:05,<2>,921,8,IDLE_SAFE,15.036214,100.912368,125.4377,9.2219,0,3,0,-58,7.25,70
25,14:41:07,<2>,921,9,IDLE_SAFE,15.036214,100.912368,125.4048,9.2219,0,3,0,-57,7,70
26,14:41:09,<2>,921,10,IDLE_SAFE,15.036214,100.912368,125.5904,9.2219,0,3,0,-59,7.25,71
27,14:41:11,<2>,921,11,IDLE_SAFE,15.036214,100.912368,125.3097,9.2219,0,3,0,-58,3.5,71
28,14:41:13,<2>,921,12,IDLE_SAFE,15.036214,100.912368,125.4218,9.2219,0,3,0,-66,6.5,71
29,14:41:15,<2>,921,13,IDLE_SAFE,15.036214,100.912368,125.4917,9.2219,0,3,0,-62,5.25,71
30,14:41:17,<2>,921,14,IDLE_SAFE,15.036214,100.912368,125.4326,9.2219,0,3,0,-53,7.5,71
31,14:41:19,<2>,921,15,IDLE_SAFE,15.036214,100.912368,125.3668,9.2219,0,3,0,-56,6,71
32,14:41:21,<2>,921,16,IDLE_SAFE,15.036214,100.912368,125.4398,9.2219,0,3,0,-52,6.75,71
33,14:41:23,<2>,921,17,IDLE_SAFE,15.036214,100.912368,125.4495,9.2219,0,3,0,-55,6.5,71
34,14:41:25,<2>,921,18,IDLE_SAFE,15.036214,100.912368,125.6063,9.2219,0,3,0,-56,4.75,71
35,14:41:27,<2>,921,19,IDLE_SAFE,15.036214,100.912368,125.3945,9.2219,0,3,0,-54,7,71
36,14:41:29,<2>,921,20,IDLE_SAFE,15.036214,100.912368,125.5251,9.2219,0,3,0,-54,6.75,71
37,14:41:31,<2>,921,21,IDLE_SAFE,15.036214,100.912368,125.2614,9.2219,0,3,0,-58,6.75,71
38,14:41:33,<2>,921,22,IDLE_SAFE,15.036214,100.912368,125.3292,9.2219,0,3,0,-56,6.5,71
39,14:41:35,<2>,921,23,IDLE_SAFE,15.036214,100.912368,125.6839,9.2219,0,3,0,-62,5.75,71
40,14:41:37,<2>,921,24,IDLE_SAFE,15.036214,100.912368,125.3693,9.2219,0,3,0,-55,6.25,71
41,14:41:39,<2>,921,25,IDLE_SAFE,15.036214,100.912368,125.3406,9.2219,0,3,0,-52,6.25,71
42,14:41:41,<2>,921,26,IDLE_SAFE,15.036214,100.912368,125.4454,9.2219,0,3,0,-54,6.5,71
43,14:41:43,<2>,921,27,IDLE_SAFE,15.036214,100.912368,125.5729,9.2219,0,3,0,-57,5.5,71
44,14:41:45,<2>,921,28,IDLE_SAFE,15.036214,100.912368,125.6603,9.2219,0,3,0,-53,6,71
45,14:41:47,<2>,921,29,IDLE_SAFE,15.036214,100.912368,125.8813,9.2219,0,3,0,-60,6.75,71
46,14:41:49,<2>,921,30,IDLE_SAFE,15.036214,100.912368,125.6222,9.2219,0,3,0,-70,5.75,71
47,14:41:51,<2>,921,31,IDLE_SAFE,15.036214,100.912368,125.7271,9.2219,0,3,0,-61,6.5,71
48,14:41:53,<2>,921,32,IDLE_SAFE,15.036214,100.912368,125.5153,9.2219,0,3,0,-57,6.75,71
49,14:41:55,<2>,921,33,IDLE_SAFE,15.036214,100.912368,125.4125,9.2219,0,3,0,-57,6.5,71
50,14:41:57,<2>,921,34,IDLE_SAFE,15.036214,100.912368,125.4747,9.2219,0,3,0,-75,7,71
51,14:41:59,<2>,921,35,IDLE_SAFE,15.036214,100.912368,125.5035,9.2219,0,3,0,-65,7,71
52,14:42:01,<2>,921,36,IDLE_SAFE,15.036214,100.912368,125.7317,9.2219,0,3,0,-61,6.25,71
53,14:42:03,<2>,921,37,IDLE_SAFE,15.036214,100.912368,125.3452,9.2219,0,3,0,-70,6.5,71
54,14:42:05,<2>,921,38,IDLE_SAFE,15.036214,100.912368,125.4871,9.2219,0,3,0,-55,7.5,71
55,14:42:07,<2>,921,39,IDLE_SAFE,15.036214,100.912368,125.706,9.2219,0,3,0,-69,6.5,71
56,14:42:09,<2>,921,40,IDLE_SAFE,15.036214,100.912368,125.7821,9.2219,0,3,0,-64,7.25,71
57,14:42:11,<2>,921,41,IDLE_SAFE,15.036214,100.912368,125.8011,9.2219,0,3,0,-71,7,71
58,14:42:13,<2>,921,42,IDLE_SAFE,15.036214,100.912368,126.0201,9.2219,0,3,0,-64,6.75,71
59,14:42:15,<2>,921,43,IDLE_SAFE,15.036214,100.912368,125.8104,9.2219,0,3,0,-75,2.25,71
60,14:42:17,<2>,921,44,IDLE_SAFE,15.036214,100.912368,125.9708,9.2219,0,3,0,-79,4,71
61,14:42:19,<2>,921,45,IDLE_SAFE,15.036214,100.912368,125.559,9.2219,0,3,0,-83,7,71
62,14:42:21,<2>,921,46,IDLE_SAFE,15.036214,100.912368,125.1745,9.2219,0,3,0,-106,2,71
63,14:42:23,<2>,921,47,IDLE_SAFE,15.036214,100.912368,124.7469,9.2219,0,3,0,-79,6.5,71
64,14:42:25,<2>,921,48,IDLE_SAFE,15.036214,100.912368,124.4585,9.2219,0,3,0,-94,6.25,71
65,14:42:27,<2>,921,49,IDLE_SAFE,15.036214,100.912368,124.4061,9.2219,0,3,0,-84,6.75,71
66,14:42:29,<2>,921,50,IDLE_SAFE,15.036214,100.912368,124.1101,9.2219,0,3,0,-85,5.75,71
67,14:42:31,<2>,921,51,IDLE_SAFE,15.036214,100.912368,123.8942,9.2219,0,3,0,-85,6,71
68,14:42:33,<2>,921,52,IDLE_SAFE,15.036214,100.912368,123.4378,9.2219,0,3,0,-91,6.25,71
69,14:42:35,<2>,921,53,IDLE_SAFE,15.036214,100.912368,123.4337,9.2219,0,3,0,-98,5.25,71
70,14:42:37,<2>,921,54,IDLE_SAFE,15.036214,100.912368,123.1274,9.2219,0,3,0,-94,5,71
71,14:42:39,<2>,921,55,IDLE_SAFE,15.036214,100.912368,122.8134,9.2219,0,3,0,-105,3,71
72,14:42:41,<2>,921,56,IDLE_SAFE,15.036214,100.912368,122.9208,9.2219,0,3,0,-94,6,71
73,14:42:43,<2>,921,57,IDLE_SAFE,15.036214,100.912368,122.7168,9.2219,0,3,0,-103,3.5,71
74,14:42:45,<2>,921,58,IDLE_SAFE,15.036214,100.912368,122.392,9.2219,0,3,0,-99,5,71
75,14:42:47,<2>,921,59,IDLE_SAFE,15.036214,100.912368,122.355,9.2219,0,3,0,-96,6.25,71
76,14:42:49,<2>,921,60,IDLE_SAFE,15.036214,100.912368,122.2595,9.2219,0,3,0,-98,5.25,71
77,14:42:51,<2>,921,61,IDLE_SAFE,15.036214,100.912368,121.9347,9.2219,0,3,0,-101,4.25,71
78,14:42:53,<2>,921,62,IDLE_SAFE,15.036214,100.912368,121.6988,9.2219,0,3,0,-103,4,71
79,14:42:55,<2>,921,63,IDLE_SAFE,15.036214,100.912368,121.7353,9.2219,0,3,0,-104,3.5,71
80,14:42:57,<2>,921,64,IDLE_SAFE,15.036214,100.912368,121.5565,9.2219,0,3,0,-107,0,71
81,14:42:59,<2>,921,65,IDLE_SAFE,15.036214,100.912368,121.1501,9.2219,0,3,0,-104,3,71
82,14:43:01,<2>,921,66,IDLE_SAFE,15.036214,100.912368,121.1449,9.2219,0,3,0,-105,2,71
83,14:43:03,<2>,921,67,IDLE_SAFE,15.036214,100.912368,120.5597,9.2219,0,3,0,-110,-0.5,71
84,14:43:05,<2>,921,68,IDLE_SAFE,15.036214,100.912368,120.6173,9.2219,0,3,0,-107,1.5,71
85,14:43:07,<2>,921,69,IDLE_SAFE,15.036214,100.912368,120.6347,9.2219,0,3,0,-106,1.5,71
86,14:43:09,<2>,921,70,IDLE_SAFE,15.036214,100.912368,120.5155,9.2219,0,3,0,-108,0.5,71
87,14:43:11,<2>,921,71,IDLE_SAFE,15.036214,100.912368,120.4421,9.2219,0,3,0,-106,2.25,71
88,14:43:13,<2>,921,72,IDLE_SAFE,15.036214,100.912368,120.4143,9.2219,0,3,0,-108,0.25,71
89,14:43:15,<2>,921,73,IDLE_SAFE,15.036214,100.912368,120.0126,9.2219,0,3,0,-107,1.25,71
90,14:43:17,<2>,921,74,IDLE_SAFE,15.036214,100.912368,119.9191,9.2219,0,3,0,-109,0,71
91,14:43:19,<2>,921,75,IDLE_SAFE,15.036214,100.912368,120.0978,9.2219,0,3,"0",-110,-2.5,71
92,14:43:21,<2>,921,76,IDLE_SAFE,15.036214,100.912368,120.0937,9.2219,0,3,0,-110,-0.75,71
93,14:43:23,<2>,921,77,IDLE_SAFE,15.036214,100.912368,119.7295,9.2219,0,3,0,-109,0,71
94,14:43:25,<2>,921,78,IDLE_SAFE,15.036214,100.912368,119.7588,9.2219,0,3,0,-109,0.25,71
95,14:43:27,<2>,921,79,IDLE_SAFE,15.036214,100.912368,119.6452,9.2219,0,3,0,-108,1,71
96,14:43:29,<2>,921,80,IDLE_SAFE,15.036214,100.912368,119.3899,9.2219,0,3,0,-107,1.5,71
97,14:43:35,<2>,921,83,IDLE_SAFE,15.036214,100.912368,119.2476,9.2219,0,3,0,-114,-5.25,71
98,14:43:37,<2>,921,83,IDLE_SAFE,15.036214,100.912368,119.2476,9.2219,0,3,0,-114,-5.25,71
99,14:43:39,<2>,921,85,IDLE_SAFE,15.036214,100.912368,119.3735,9.2219,0,3,0,-109,0,71
100,14:43:41,<2>,921,86,IDLE_SAFE,15.036214,100.912368,119.3283,9.2219,0,3,0,-113,-4.25,71
101,14:43:43,<2>,921,87,IDLE_SAFE,15.036214,100.912368,119.6529,9.2219,0,3,0,-116,-6.25,71
102,14:43:45,<2>,921,88,IDLE_SAFE,15.0;6:10,100.912368,119.955,9.2219,0,3,0,-112,-2.75,71
103,14:43:47,<2>,921,88,IDLE_SAFE,15.0;6:10,100.912368,119.955,9.2219,0,3,0,-112,-2.75,71
104,14:43:49,<2>,921,90,IDLE_SAFE,15.036214,100.912368,119.4454,9.2219,0,3,0,-107,1.5,71
105,14:43:51,<2>,921,91,IDLE_SAFE,15.036214,100.912368,119.6144,9.2219,0,3,0,-118,-9.25,71
106,14:43:53,<2>,92ְIN,92,IDLE_SAFE,15.036214,100.912368,119.3509,9.2219,0,3,0,-117,-9.5,71
107,14:43:55,<2>,921,93,IDLE_SAFE,15.036214,100.912368,119.4824,9.2219,0,3,0,-117,-7.5,71
108,14:43:57,<2>,921,93,IDLE_SAFE,15.036214,100.912368,119.4824,9.2219,0,3,0,-117,-7.5,71
109,14:43:59,<2>,921,95,IDLE_SAFE,15.036214,100.912368,119.1952,9.2219,0,3,0,-112,-2.75,71
110,14:44:01,<2>,921,96,IDLE_SAFE,15.036214,100.912368,119.0853,9.2219,0,3,0,-116,-7,71
111,14:44:03,<2>,921,96,IDLE_SAFE,15.036214,100.912368,119.0853,9.2219,0,3,0,-116,-7,71
112,14:44:07,<2>,921,99,IDLE_SAFE,15.036214,100.912368,118.418,9.2219,0,3,0,-114,-4.75,71
113,14:44:09,<2>,921,100,IDLE_SAFE,15.036214,100.912368,118.7431,9.2219,0,3,0,-117,-7.5,72
114,14:44:11,<2>,921,101,IDLE_SAFE,15.036214,100.912368,118.6009,9.2219,0,3,0,-125,-16,72
115,14:44:13,<2>,921,102,IDLE_SAFE,15.036214,100.912368,118.3748,9.2219,0,3,0,-114,-5,72
116,14:44:15,<2>,921,103,IDLE_SAFE,15.036214,100.912368,118.2474,9.2219,0,3,0,-121,-11.75,72
117,14:44:19,<2>,921,105,IDLE_SAFE,15.036214,100.912368,118.5212,9.2219,0,3,0,-119,-9.5,72
118,14:44:21,<2>,921,105,IDLE_SAFE,15.036214,100.912368,118.5212,9.2219,0,3,0,-119,-9.5,72
119,14:44:23,<2>,921,107,IDLE_SAFE,15.036214,100.912368,118.3605,9.2219,0,3,0,-116,-6.75,72
120,14:44:25,<2>,921,108,IDLE_SAFE,15.036214,100.912368,118.6009,9.2219,0,3,0,-123,-13.25,72
121,14:44:27,<2>,921,109,IDLE_SAFE,15.036214,100.912368,118.7724,9.2219,0,3,0,-117,-7.5,72
122,14:44:29,<2>,921,110,IDLE_SAFE,15.036214,100.912368,118.7971,9.2219,0,3,0,-120,-10.25,72
123,14:44:31,<2>,921,111,IDLE_SAFE,15.036214,100.912368,118.6974,9.2219,0,3,0,-113,-4,72
124,14:44:33,<2>,921,112,IDLE_SAFE,15.036214,100.912368,118.6815,9.2219,0,3,0,-115,-6,72
125,14:44:35,<2>,921,113,IDLE_SAFE,15.036214,100.912368,118.6656,9.2219,0,3,0,-113,-3.75,72
126,14:44:37,<2>,921,114,IDLE_SAFE,15.036214,100.912368,118.7693,9.2219,0,3,0,-113,-3.5,72
127,14:44:39,<2>,921,115,IDLE_SAFE,15.036214,100.912368,118.9301,9.2219,0,3,0,-117,-8,72
128,14:44:41,<2>,921,116,IDLE_SAFE,15.036214,100.912368,118.6096,9.2219,0,3,0,-113,-3.5,72
129,14:44:43,<2>,921,117,IDLE_SAFE,15.036214,100.912368,118.6173,9.2219,0,3,0,-116,-7,72
130,14:44:45,<2>,921,118,IDLE_SAFE,15.036214,100.912368,118.5156,9.2219,0,3,0,-117,-7.75,72
131,14:44:47,<2>,921,119,IDLE_SAFE,15.036214,100.912368,118.3923,9.2219,0,3,0,-117,-7.5,72
132,14:44:49,<2>,921,120,IDLE_SAFE,15.036214,100.912368,118.4637,9.2219,0,3,0,-122,-12.5,72
133,14:44:51,<2>,921,121,IDLE_SAFE,15.036214,100.912368,118.6702,9.2219,0,3,0,-114,-4.75,72
134,14:44:53,<2>,921,122,IDLE_SAFE,15.036214,100.912368,118.3815,9.2219,0,3,0,-114,-5,72
135,14:44:55,<2>,921,123,IDLE_SAFE,15.036214,100.912368,118.4894,9.2219,0,3,0,-116,-7,72
136,14:44:57,<2>,921,124,IDLE_SAFE,15.036214,100.912368,118.5798,9.2219,0,3,0,-118,-9.25,72
137,14:44:59,<2>,921,125,IDLE_SAFE,15.036214,100.912368,118.7144,9.2219,0,3,0,-117,-7.5,72
138,14:45:01,<2>,921,125,IDLE_SAFE,15.036214,100.912368,118.7144,9.2219,0,3,0,-117,-7.5,72
139,14:45:03,<2>,921,127,IDLE_SAFE,15.036214,100.912368,118.4509,9.2219,0,3,0,-117,-7.75,72
140,14:45:05,<2>,921,128,IDLE_SAFE,15.036214,100.912368,118.4354,9.2219,0,3,0,-117,-8.25,72
141,14:45:07,<2>,921,129,IDLE_SAFE,15.036214,100.912368,118.2921,9.2219,0,3,0,-123,-14.5,72
142,14:45:11,<2>,921,131,IDLE_SAFE,15.036214,100.912368,118.5202,9.2219,0,3,0,-117,-7.75,72
143,14:45:13,<2>,921,132,IDLE_SAFE,15.036214,100.912368,818.5202,9.2219,0,3,0,-120,-10.25,72
144,14:45:15,<2>,921,133,IDLE_SAFE,15.036214,100.912368,119.0339,9.2219,0,3,0,-124,-15,72
145,14:45:17,<2>,921,134,IDLE_SAFE,15.036214,100.912368,119.1495,9.2219,0,3,0,-110,-1.5,72
146,14:45:23,<2>,921,137,IDLE_SAFE,15.036214,100.912368,119.4351,9.2219,0,3,0,-122,-13.75,72
147,14:45:25,<2>,921,138,IDLE_SAFE,15.036214,100.912368,119.0555,9.2219,0,3,0,-108,1,72
148,14:45:27,<2>,921,139,IDLE_SAFE,15.036214,100.912368,119.2178,9.2219,0,3,0,-105,3,72
149,14:45:29,<2>,921,140,IDLE_SAFE,15.036214,100.912368,119.0719,9.2219,0,3,0,-108,0.5,72
150,14:45:31,<2>,921,141,IDLE_SAFE,15.036214,100.912368,119.0118,9.2219,0,3,0,-108,0.25,72
151,14:45:33,<2>,921,142,IDLE_SAFE,15.036214,100.912368,119.0555,9.2219,0,3,0,-108,0.5,72
152,14:45:35,<2>,921,143,IDLE_SAFE,15.036214,100.912368,118.925,9.2219,0,3,0,-115,-5.5,72
153,14:45:39,<2>,921,145,IDLE_SAFE,15.036214,100.912368,118.9538,9.2219,0,3,0,-110,-1,72
154,14:45:41,<2>,921,146,IDLE_SAFE,15.036214,100.912368,118.8526,9.2219,0,3,0,-120,-11,72
155,14:45:47,<2>,921,149,IDLE_SAFE,15.036214,100.912368,118.8654,9.2219,0,3,0,-122,-12.75,72
156,14:45:49,<2>,921,150,IDLE_SAFE,15.036214,100.912368,118.8223,9.2219,0,3,0,-115,-6,72
157,14:45:51,<2>,921,151,IDLE_SAFE,15.036214,100.912368,118.8582,9.2219,0,3,0,-117,-8,72
158,14:45:53,<2>,921,152,IDLE_SAFE,15.036214,100.912368,118.9419,9.2219,0,3,0,-121,-11.5,72
159,14:45:55,<2>,921,152,IDLE_SAFE,15.036214,100.912368,118.9419,9.2219,0,3,0,-121,-11.5,72
160,14:45:57,<2>,921,154,IDLE_SAFE,15.036214,100.912368,119.3878,9.2219,0,3,0,-104,2.75,72
161,14:45:59,<2>,921,155,IDLE_SAFE,15.036214,100.912368,118.9933,9.2219,0,3,0,-106,1.75,72
162,14:46:01,<2>,921,156,IDLE_SAFE,15.036214,100.912368,119.1248,9.2219,0,3,0,-107,1.5,72
163,14:46:03,<2>,921,157,IDLE_SAFE,15.036214,100.912368,119.281,9.2219,0,3,0,-104,3.75,72
164,14:46:05,<2>,921,158,IDLE_SAFE,15.036214,100.912368,119.4151,9.2219,0,3,0,-106,0.75,72
165,14:46:07,<2>,921,159,IDLE_SAFE,15.036214,100.912368,118.7683,9.2219,0,3,0,-102,3.5,72
166,14:46:09,<2>,921,160,IDLE_SAFE,15.036214,100.912368,119.0498,9.2219,0,3,0,-104,3.5,72
167,14:46:11,<2>,921,161,IDLE_SAFE,15.036214,100.912368,118.8551,9.2219,0,3,0,-115,-5.5,72
168,14:46:13,<2>,921,162,IDLE_SAFE,15.036214,100.912368,119.0925,9.2219,0,3,0,-115,-6,72
169,14:46:15,<2>,921,163,IDLE_SAFE,15.036214,100.912368,118.9938,9.2219,0,3,0,-117,-7.25,72
170,14:46:17,<2>,921,164,IDLE_SAFE,15.036214,100.912368,119.0776,9.2219,0,3,0,-111,-1.75,72
171,14:46:19,<2>,921,165,IDLE_SAFE,15.036214,100.912368,119.2825,9.2219,0,3,0,-110,-1.25,72
172,14:46:21,<2>,921,166,IDLE_SAFE,15.036214,100.912368,119.0483,9.2219,0,3,0,-122,-13.25,72
173,14:46:23,<2>,921,167,IDLE_SAFE,15.036214,100.912368,119.1038,9.2219,0,3,0,-113,-4,72
174,14:46:25,<2>,921,168,IDLE_SAFE,15.036214,100.912368,119.2235,9.2219,0,3,0,-109,-0.5,72
175,14:46:27,<2>,921,169,IDLE_SAFE,15.036214,100.912368,119.1536,9.2219,0,3,0,-114,-5.25,72
176,14:46:29,<2>,921,170,IDLE_SAFE,15.036214,100.912368,118.9604,9.2219,0,3,0,-115,-5.75,72
177,14:46:33,<2>,921,172,IDLE_SAFE,15.036214,100.912368,119.1705,9.2219,0,3,0,-109,-0.5,72
178,14:46:35,<2>,921,173,IDLE_SAFE,15.036214,100.912368,118.889,9.2219,0,3,0,-108,0.5,72
179,14:46:37,<2>,921,174,IDLE_SAFE,15.036214,100.912368,119.2101,9.2219,0,3,0,-111,-2.5,72
180,14:46:39,<2>,921,175,IDLE_SAFE,15.036214,100.912368,119.1587,9.2219,0,3,0,-110,-1.5,72
181,14:46:41,<2>,921,176,IDLE_SAFE,15.036214,100.912368,119.1402,9.2219,0,3,0,-112,-2.25,72
182,14:46:43,<2>,921,177,IDLE_SAFE,15.036214,100.912368,119.2245,9.2219,0,3,0,-114,-4.25,72
183,14:46:45,<2>,921,178,IDLE_SAFE,15.036214,100.912368,119.001,9.2219,0,3,0,-110,-1.5,72
184,14:46:51,<2>,921,181,IDLE_SAFE,15.036214,100.912368,118.7478,9.2219,0,3,0,-118,-9.25,72
185,14:46:53,<2>,921,182,IDLE_SAFE,15.036214,100.912368,118.9276,9.2219,0,3,0,-115,-5.5,72
186,14:46:59,<2>,921,185,IDLE_SAFE,15.036214,100.912368,118.9373,9.2219,0,3,0,-114,-4.25,72
187,14:47:03,<2>,921,187,IDLE_SAFE,15.036214,100.912368,118.9368,9.2219,0,3,0,-113,-3.5,72
188,14:47:05,<2>,921,188,IDLE_SAFE,15.036214,10<.912368,118.8736,9.2219,0,3,0,-120,-11.25,72
189,14:47:07,<2>,921,188,IDLE_SAFE,15.036214,10<.912368,118.8736,9.2219,0,3,0,-120,-11.25,72
190,14:47:09,<2>,921,188,IDLE_SAFE,15.036214,10<.912368,118.8736,9.2219,0,3,0,-120,-11.25,72
191,14:47:11,<2>,921,191,IDLE_SAFE,15.034983,100.915798,119.1433,9.2219,0,3,0,-120,-11,72
192,14:47:15,<2>,921,193,IDLE_SAF5,F2Y034983,100.915798,119.0812,9.2219,0,3,0,-118,-8.5,72
193,14:47:17,<2>,921,194,IDLE_SAFE,15.034983,100.915798,119.0848,9.2219,0,3,0,-113,-4,72
194,14:47:19,<2>,921,195,IDLE_SAFE,15.034983,100.915798,118.9707,9.2219,0,3,0,-113,-3.75,72
195,14:47:21,<2>,921,196,IDLE_SAFE,15.034983,100.915798,119.0945,9.2219,0,3,0,-115,-6,72
196,14:47:23,<2>,921,196,IDLE_SAFE,15.034983,100.915798,119.0945,9.2219,0,3,0,-115,-6,72
197,14:47:25,<2>,921,198,IDLE_SAFE,15.034983,100.915798,118.9378,9.2219,0,3,0,-116,-7.5,72
198,14:47:29,<2>,921,200,IDLE_SAFE,15.034983,100.915798,119.0498,9.2219,0,3,0,-115,-5.5,72
199,14:47:31,<2>,921,201,IDLE_SAFE,15.034983,100.915798,119.1443,9.2219,0,3,0,-117,-7.5,72
200,14:47:33,<2>,921,202,IDLE_SAFE,15.034983,100.915798,119.0169,9.2219,0,3,0,-119,-10,72
201,14:47:35,<2>,921,203,IDLE_SAFE,15.034983,100.915798,119.0781,9.2219,0,3,0,-118,-8.75,72
202,14:47:37,<2>,921,203,IDLE_SAFE,15.034983,100.915798,119.0781,9.2219,0,3,0,-118,-8.75,72
203,14:47:39,<2>,921,205,IDLE_SAFE,15.034983,100.915798,119.0082,9.2219,0,3,0,-112,-2.75,72
204,14:47:41,<2>,921,206,IDLE_SAFE,15.034983,100.915798,118.8654,9.2219,0,3,0,-116,-6.5,72
205,14:47:43,<2>,921,207,IDLE_SAFE,15.034983,100.915798,118.9681,9.2219,0,3,0,-114,-4.75,72
206,14:47:45,<2>,921,208,IDLE_SAFE,15.034983,100.915798,118.9445,9.2219,0,3,0,-113,-4,72
207,14:47:47,<2>,921,209,IDLE_SAFE,15.034983,100.915798,119.0195,9.2219,0,3,0,-116,-7,72
208,14:47:49,<2>,921,210,IDLE_SAFE,15.034983,100.915798,119.0627,9.2219,0,3,0,-110,-1.25,72
209,14:47:51,<2>,921,211,IDLE_SAFE,15.034983,100.915798,119.2188,9.2219,0,3,0,-114,-4.5,72
210,14:47:53,<2>,921,212,IDLE_SAFE,15.034983,100.915798,119.1377,9.2219,0,3,0,-115,-5.75,72
211,14:47:55,<2>,921,213,IDLE_SAFE,15.034983,100.915798,118.7904,9.2219,0,3,0,-112,-3.25,72
212,14:47:57,<2>,921,214,IDLE_SAFE,15.034983,100.915798,118.9039,9.2219,0,3,0,-117,-7.25,72
213,14:47:59,<2>,921,215,IDLE_SAFE,15.034983,100.915798,119.0283,9.2219,0,3,0,-116,-7,72
214,14:48:01,<2>,921,216,IDLE_SAFE,15.034983,100.915798,118.9404,9.2219,0,3,0,-116,-7,72
215,14:48:03,<2>,921,217,IDLE_SAFE,15.034983,100.915798,118.8233,9.2219,0,3,0,-119,-9,72
216,14:48:05,<2>,921,218,IDLE_SAFE,15.034983,100.915798,119.0709,9.2219,0,3,0,-118,-8.25,72
217,14:48:07,<2>,921,219,IDLE_SAFE,15.034983,100.915798,119.0652,9.2219,0,3,0,-122,-12.25,72
218,14:48:09,<2>,921,220,IDLE_SAFE,15.034983,100.915798,118.9995,9.2219,0,3,0,-116,-7,72
219,14:48:11,<2>,921,220,IDLE_SAFE,15.034983,100.915798,118.9995,9.2219,0,3,0,-116,-7,72
220,14:48:13,<2>,921,222,IDLE_SAFE,15.034983,100.915798,119.058,9.2219,0,3,0,-124,-14.5,72
221,14:48:15,<2>,921,223,IDLE_SAFE,15.034983,100.915798,119.1418,9.2219,0,3,0,-115,-5.5,72
222,14:48:17,<2>,921,223,IDLE_SAFE,15.034983,100.915798,119.1418,9.2219,0,3,0,-115,-5.5,72
223,14:48:19,<2>,921,225,IDLE_SAFE,15.034983,100.915798,119.036,9.2219,0,3,0,-118,-8.25,72
224,14:48:21,<2>,921,226,IDLE_SAFE,15.034983,100.915798,119.4454,9.2219,0,3,0,-114,-4.5,72
225,14:48:23,<2>,921,227,IDLE_SAFE,15.034983,100.915798,118.9404,9.2219,0,3,0,-112,-2.5,72
226,14:48:25,<2>,921,228,IDLE_SAFE,15.034983,100.915798,119.0668,9.2219,0,3,0,-114,-4.5,72
227,14:48:27,<2>,921,229,IDLE_SAFE,15.034983,100.915798,119.1654,9.2219,0,3,0,-116,-7,72
228,14:48:29,<2>,921,230,IDLE_SAFE,15.034983,100.915798,118.8839,9.2219,0,3,0,-118,-8,72
229,14:48:31,<2>,921,231,IDLE_SAFE,15.034983,100.915798,118.9579,9.2219,0,3,0,-116,-7,72
230,14:48:33,<2>,921,232,IDLE_SAFE,15.034983,100.915798,119.1063,9.2219,0,3,0,-115,-5.75,72
231,14:48:35,<2>,921,233,IDLE_SAFE,15.034983,100.915798,118.8433,9.2219,0,3,0,-120,-10.75,72
232,14:48:37,<2>,921,234,IDLE_SAFE,15.034983,100.915798,118.9276,9.2219,0$00,3,0,-122,-12.5,72
233,14:48:39,<2>,921,235,IDLE_SAFE,15.034983,100.915798,119.1094,9.2219,0,3,0,-114,-5.25,72
234,14:48:41,<2>,921,236,IDLE_SAFE,15.034983,100.915798,119.2152,9.2219,0,3,0,-117,-7,72
235,14:48:43,<2>,921,237,IDLE_SAFE,15.034983,100.915798,119.3036,9.2219,0,3,0,-117,-7,72
236,14:48:45,<2>,921,238,IDLE_SAFE,15.034983,100.915798,119.1341,9.2219,0,3,0,-115,-5.5,72
237,14:48:47,<2>,921,239,IDLE_SAFE,15.034983,100.915798,119.2378,9.2219,0,3,0,-115,-5.75,72
238,14:48:49,<2>,921,240,IDLE_SAFE,15.034983,100.915798,119.0611,9.2219,0,3,0,-118,-9,72
239,14:48:51,<2>,921,241,IDLE_SAFE,15.034983,100.915798,119.2615,9.2219,0,3,0,-112,-3,72
240,14:48:53,<2>,921,242,IDLE_SAFE,15.034983,100.915798,119.1402,9.2219,0,3,0,-116,-6,72
241,14:48:55,<2>,921,242,IDLE_SAFE,15.034983,100.915798,119.1402,9.2219,0,3,0,-116,-6,72
242,14:49:01,<2>,921,246,IDLE_SAFE,15.034983,100.915798,119.2384,9.2219,0,3,0,-117,-7,72
243,14:49:03,<2>,921,246,IDLE_SAFE,15.034983,100.915798,119.2384,9.2219,0,3,0,-117,-7,72
244,14:49:05,<2>,921,248,IDLE_SAFE,15.034983,100.915798,119.0745,9.2219,0,3,0,-114,-5.25,72
245,14:49:07,<2>,921,249,IDLE_SAFE,15.034983,100.915798,119.3956,9.2219,0,3,0,-116,-6.5,72
246,14:49:09,<2>,921,250,IDLE_SAFE,15.034983,100.915798,119.3067,9.2219,0,3,0,-117,-7.75,72
247,14:49:11,<2>,921,251,IDLE_SAFE,15.034983,100.915798,119.3432,9.2219,0,3,0,-120,-10.75,72
248,14:49:13,<2>,921,252,IDLE_SAFE,15.034983,100.915798,119.3375,9.2219,0,3,0,-120,-10.75,72
249,14:49:15,<2>,921,253,IDLE_SAFE,15.034983,100.915798,119.2805,9.2219,0,3,0,-119,-10,72
250,14:49:17,<2>,921,254,IDLE_SAFE,15.034983,100.915798,119.3103,9.2219,0,3,0,-119,-9.75,72
251,14:49:23,<2>,921,1,IDLE_SAFE,15.034983,100.915798,119.1741,9.2219,0,3,0,-120,-10.25,70
252,14:49:25,<2>,921,2,IDLE_SAFE,15.034983,100.915798,119.5101,9.2219,0,3,0,-120,-10.25,70
253,14:49:27,<2>,921,3,IDLE_SAFE,15.034983,100.915798,119.13,9.2219,0,3,0,-121,-12,70
254,14:49:37,<2>,921,8,IDLE_SAFE,15.034983,100.915798,119.264,9.2219,0,3,0,-116,-7.25,70
255,14:49:39,<2>,921,9,IDLE_SAFE,15.034983,100.915798,119.0221,9.2219,0,3,0,-119,-9,70
256,14:49:41,<2>,921,10,IDLE_SAFE,15.034983,100.915798,119.581,9.2219,0,3,0,-120,-10.75,71
257,14:49:43,<2>,921,11,IDLE_SAFE,15.034983,100.915798,119.4022,9.2219,1.0Q,3,��,-125,-16,71
258,14:49:45,<2>,921,12,IDLE_SAFE,15.034983,100.915798,119.2378,9.2219,0,3,0,-116,-7,71
259,14:49:47,<2>,921,13,IDLE_SAFE,15.034983,100.915798,119.1865,9.2219,0,3,0,-110,-1.75,71
260,14:49:49,<2>,921,14,IDLE_SAFE,15.034983,100.915798,119.6468,9.2219,0,3,0,-108,0.75,71
261,14:49:51,<2>,921,15,IDLE_SAFE,15.034983,100.915798,119.6976,9.2219,0,3,0,-112,-2.25,71
262,14:49:53,<2>,921,16,IDLE_SAFE,15.034983,100.915798,119.4747,9.2219,0,3,0,-114,-5,71
263,14:49:55,<2>,921,17,IDLE_SAFE,15.034983,100.915798,119.3863,9.2219,0,3,0,-113,-3.5,71
264,14:49:57,<2>,921,18,IDLE_SAFE,15.034983,100.915798,119.2507,9.2219,0,3,0,-117,-7.5,71
265,14:49:59,<2>,921,19,IDLE_SAFE,15.034983,100.915798,119.4731,9.2219,0,3,0,-120,-10.5,71
266,14:50:05,<2>,921,22,IDLE_SAFE,15.034983,100.915798,119.5019,9.2219,0,3,0,-108,0.5,71
267,14:50:07,<2>,921,23,IDLE_SAFE,15.034983,100.915798,119.2969,9.2219,0,3,0,-109,0.5,71
268,14:50:09,<2>,921,24,IDLE_SAFE,15.034983,100.915798,119.7356,9.2219,0,3,0,-113,-3.75,71
269,14:50:11,<2>,921,25,IDLE_SAFE,15.034983,100��1�798,119.4983,9.2219,0,3,0,-118,-8.5,71
270,14:50:13,<2>,921,26,IDLE_SAFE,15.034983,100.915798,119.5384,9.2219,0,3,0,-111,-2.5,71
271,14:50:15,<2>,921,27,IDLE_SAFE,15.034983,100.915798,119.6694,9.2219,0,3,p�Z,-125,-16.25,71
272,14:50:17,<2>,921,28,IDLE_SAFE,15.034983,100.915798,119.6802,9.2219,0,3,0,-121,-11.5,71
273,14:50:19,<2>,921,29,IDLE_SAFE,15.034983,100.915798,119.618,9.2219,0,3,0,-119,-9.25,71
274,14:50:21,<2>,921,30,IDLE_SAFE,15.034983,100.915798,119.5153,9.2219,0,3,0,-114,-4.25,71
275,14:50:23,<2>,921,31,IDLE_SAFE,15.034983,100.915798,119.448,9.2219,0,3,0,-113,-3.5,71
276,14:50:25,<2>,921,32,IDLE_SAFE,15.034983,100.915798,119.5076,9.2219,0,3,0,-114,-5.25,71
277,14:50:27,<2>,921,33,IDLE_SAFE,15.034983,100.915798,119.3611,9.2219,0,3,0,-113,-3.75,71
278,14:50:29,<2>,921,34,IDLE_SAFE,15.034983,100.915798,119.3678,9.2219,0,3,0,-112,-2.5,71
279,14:50:31,<2>,921,35,IDLE_SAFE,15.034983,100.915798,119.5579,9.2219,0,3,0,-113,-3.75,71
280,14:50:33,<2>,921,36,IDLE_SAFE,15.034983,100.915798,119.6452,9.2219,0,3,0,-110,-1.5,71
281,14:50:35,<2>,921,37,IDLE_SAFE,15.034983,100.915798,119.2327,9.2219,0,3,0,-111,-2.25,71
282,14:50:37,<2>,921,38,IDLE_SAFE,15.034983,100.915798,119.4546,9.2219,0,3,0,-111,-2.25,71
283,14:50:39,<2>,921,39,IDLE_SAFE,15.034983,100.915798,119.5759,9.2219,0,3,0,-113,-4,71
284,14:50:41,<2>,921,40,IDLE_SAFE,15.034983,100.915798,119.6781,9.2219,0,3,0,-121,-11.75,71
285,14:50:43,<2>,921,41,IDLE_SAFE,15.034983,100.915798,119.5086,9.2219,0,3,0,-114,-4.25,71
286,14:50:45,<2>,921,41,IDLE_SAFE,15.034983,100.915798,119.5086,9.2219,0,3,0,-114,-4.25,71
287,14:50:47,<2>,921,43,IDLE_SAFE,15.034983,100.915798,119.1685,9.2219,0,3,0,-110,-1.5,71
288,14:50:49,<2>,921,44,IDLE_SAFE,15.034983,100.915798,119.5296,9.2219,0,3,0,-122,-12.75,71
289,14:50:51,<2>,921,45,IDLE_SAFE,15.034983,100.915798,119.3509,9.2219,0,3,0,-114,-4.75,71
290,14:50:53,<2>,921,46,IDLE_SAFE,15.034983,100.915798,119.4428,9.2219,0,3,0,-120,-10.75,71
291,14:50:55,<2>,921,47,IDLE_SAFE,15.034983,100.915798,119.6868,9.2219,0,3,0,-118,-8.25,71
292,14:50:57,<2>,921,48,IDLE_SAFE,15.034983,100.915798,119.4454,9.2219,0,3,0,-113,-3.5,71
293,14:50:59,<2>,921,49,IDLE_SAFE,15.034983,100.915798,119.5877,9.2219,0,3,0,-117,-8,71
294,14:51:01,<2>,921,50,IDLE_SAFE,15.034983,100.915798,119.9242,9.2219,0,3,0,-117,-7.5,71
295,14:51:03,<2>,921,51,IDLE_SAFE,15.034983,100.915798,119.7269,9.2219,0,3,0,-122,-12.25,71
296,14:51:07,<2>,921,53,IDLE_SAFE,15.034983,100.915798,119.6812,9.2219,0,3,0,-117,-7.25,71
297,14:51:09,<2>,921,54,IDLE_SAFE,15.034983,100.915798,119.6334,9.2219,0,3,0,-123,-14,71
298,14:51:11,<2>,921,55,IDLE_SAFE,15.034983,100.915798,119.7798,9.2219,0,3,0,-122,-13.25,71
299,14:54:09,<2>,921,144,IDLE_SAFE,15.034983,100.915798,119.7243,9.2219,0,3,0,-105,2.75,72
300,14:54:11,<2>,921,145,IDLE_SAFE,15.034983,100.915798,119.9293,9.2219,0,3,0,-107,1.75,72
301,14:54:13,<2>,921,146,IDLE_SAFE,15.034983,100.915798,119.8338,9.2219,0,3,0,-109,-0.25,72
302,14:54:15,<2>,921,147,IDLE_SAFE,15.034983,100.915798,119.6874,9.2219,0,3,0,-107,1.25,72
303,14:54:17,<2>,921,148,IDLE_SAFE,15.034983,100.915798,119.825,9.2219,0,3,0,-108,1,72
304,14:54:20,<2>,921,149,IDLE_SAFE,15.034983,100.915798,119.5101,9.2219,0,3,0,-108,0.25,72
305,14:54:21,<2>,921,150,IDLE_SAFE,15.034983,100.915798,119.3092,9.2219,0,3,0,-121,-12,72
306,14:54:23,<2>,921,151,IDLE_SAFE,15.034983,100.915798,119.7567,9.2219,0,3,0,-110,-1,72
307,14:54:25,<2>,921,152,IDLE_SAFE,15.034983,100.915798,119.7809,9.2219,0,1,0,-125,-16.5,72
308,14:54:27,<2>,921,153,IDLE_SAFE,15.034983,100.915798,119.7994,9.2219,0,3,0,-110,-0.75,72
309,14:54:30,<2>,921,154,IDLE_SAFE,15.034983,100.915798,119.5949,9.2219,0,3,0,-110,-1,72
310,14:54:31,<2>,921,155,IDLE_SAFE,15.034983,100.915798,119.6874,9.2219,0,3,0,-112,-2.5,72
311,14:54:33,<2>,921,156,IDLE_SAFE,15.034983,100.915798,119.8096,9.2219,0,3,0,-110,-1.5,72
312,14:54:35,<2>,921,157,IDLE_SAFE,15.034983,100.915798,119.7593,9.2219,0,3,0,-109,-0.75,72
313,14:54:37,<2>,921,158,IDLE_SAFE,15.034983,100.915798,119.4418,9.2219,0,3,0,-114,-5,72
314,14:54:39,<2>,921,159,IDLE_SAFE,15.034983,100.915798,119.5836,9.2219,0,3,0,-115,-6.25,72
315,14:54:41,<2>,921,160,IDLE_SAFE,15.034983,100.915798,119.6863,9.2219,0,3,0,-111,-3.25,72
316,14:54:43,<2>,921,161,IDLE_SAFE,15.034983,100.915798,119.8096,9.2219,0,3,0,-114,-5.25,72
317,14:54:46,<2>,921,162,IDLE_SAFE,15.034983,100.915798,119.6601,9.2219,0,3,0,-114,-5.75,72
318,14:54:48,<2>,921,162,IDLE_SAFE,15.034983,100.915798,119.6601,9.2219,0,3,0,-114,-5.75,72
319,14:54:49,<2>,921,164,IDLE_SAFE,15.034983,100.915798,119.8651,9.2219,0,3,0,-116,-7.25,72
320,14:54:53,<2>,921,166,IDLE_SAFE,15.034983,100.915798,119.4849,9.2219,0,3,0,-115,-6.5,72
321,14:54:59,<2>,921,169,IDLE_SAFE,15.034983,100.915798,119.5615,9.2219,0,3,0,-114,-5.25,72
322,14:55:03,<2>,921,171,IDLE_SAFE,15.034983,100.915798,119.5707,9.2219,0,3,0,-124,-15.25,72
323,14:55:05,<2>,921,172,IDLE_SAFE,15.034983,100.915798,119.7531,9.2219,0,3,0,-113,-4,72
324,14:55:08,<2>,921,172,IDLE_SAFE,15.034983,100.915798,119.7531,9.2219,0,3,0,-113,-4,72
325,14:55:09,<2>,921,174,IDLE_SAFE,15.034983,100.915798,119.4901,9.2219,0,3,0,-116,-7.25,72
326,14:55:11,<2>,921,175,IDLE_SAFE,15.034983,100.915798,119.6612,9.2219,0,3,0,-114,-5.5,72
327,14:55:13,<2>,921,176,IDLE_SAFE,15.034983,100.915798,119.6612,9.2219,0,3,0,-118,-8.75,72
328,14:55:15,<2>,921,177,IDLE_SAFE,15.034983,100.915798,119.5923,9.2219,0,3,0,-114,-5.5,72
329,14:55:17,<2>,921,178,IDLE_SAFE,15.034983,100.915798,119.5081,9.2219,0,3,0,-117,-8.5,72
330,14:55:23,<2>,921,181,IDLE_SAFE,15.034983,100.915798,119.4783,9.2219,0,3,0,-119,-10.75,72
331,14:55:25,<2>,921,182,IDLE_SAFE,15.034983,100.915798,119.5877,9.2219,0,3,0,-120,-11.25,72
332,14:55:27,<2>,921,183,IDLE_SAFE,15.034983,100.915798,119.544,9.2219,0,3,0,-118,-10,72
333,14:55:29,<2>,921,184,IDLE_SAFE,15.034983,100.915798,119.544,9.2219,0,3,0,-114,-5,72
334,14:55:32,<2>,921,185,IDLE_SAFE,15.034983,100.915798,119.4146,9.2219,0,3,0,-114,-5,72
335,14:55:33,<2>,921,186,IDLE_SAFE,15.034983,100.915798,119.5101,9.2219,0,3,0,-112,-4,72
336,14:55:36,<2>,921,187,IDLE_SAFE,15.034983,100.915798,119.4772,9.2219,0,3,0,-112,-3.5,72
337,14:55:37,<2>,921,188,IDLE_SAFE,15.034983,100.915798,119.7588,9.2219,0,3,0,-117,-8,72
338,14:55:39,<2>,921,189,IDLE_SAFE,15.034983,100.915798,119.7362,9.2219,0,3,0,-121,-12.25,72
339,14:55:41,<2>,921,190,IDLE_SAFE,15.034983,100.915798,119.61�0,9.2219,0.1,3,V,-124,-16.25,72
340,14:55:43,<2>,921,191,IDLE_SAFE,15.034983,100.915798,119.7588,9.2219,0,3,0,-112,-3.25,72
341,14:55:45,<2>,921,192,IDLE_SAFE,15.034983,100.915798,119.7875,9.2219,0,3,0,-111,-2.5,72
342,14:55:47,<2>,921,193,IDLE_SAFE,15.034983,100.915798,119.7547,9.2219,0,3,0,-112,-4,72
343,14:55:49,<2>,921,194,IDLE_SAFE,15.034983,100.915798,120.0136,9.2219,0,3,0,-110,-1.5,72
344,14:55:51,<2>,921,195,IDLE_SAFE,15.034983,100.915798,119.8189,9.2219,0,3,0,-113,-4.25,72
345,14:55:53,<2>,921,196,IDLE_SAFE,15.034983,100.915798,119.731,9.2219,0,3,0,-110,-1.75,72
346,14:55:55,<2>,921,197,IDLE_SAFE,15.034983,100.915798,119.7927,9.2219,0,3,0,-114,-5.75,72
347,14:55:59,<2>,921,199,IDLE_SAFE,15.034983,100.915798,120.0557,9.2219,0,3,0,-118,-9.25,72
348,14:56:01,<2>,921,200,IDLE_SAFE,15.034983,100.915798,119.6719,9.2219,0,3,0,-119,-10.75,72
349,14:56:08,<2>,921,203,IDLE_SAFE,15.034983,100.915798,119.6206,9.2219,0,3,0,-114,-5.5,72
350,14:56:09,<2>,921,204,IDLE_SAFE,15.034983,100.915798,119.6827,9.2219,0,3,0,-115,-6.5,72
351,14:56:11,<2>,921,205,IDLE_SAFE,15.034983,100.915798,119.7598,9.2219,0,3,0,-107,0.75,72
352,14:56:13,<2>,921,206,IDLE_SAFE,15.034983,100.915798,119.6755,9.2219,0,3,0,-104,2.75,72
353,14:56:15,<2>,921,207,IDLE_SAFE,15.034983,100.915798,119.785,9.2219,0,3,0,-108,-0.25,72
354,14:56:17,<2>,921,208,IDLE_SAFE,15.034983,100.915798,119.5903,9.2219,0,3,0,-101,4.5,72
355,14:56:19,<2>,921,209,IDLE_SAFE,15.034983,100.915798,119.5677,9.2219,0,3,0,-98,4,72
356,14:56:21,<2>,921,210,IDLE_SAFE,15.034983,100.915798,119.506,9.2219,0,3,0,-100,5.25,72
357,14:56:23,<2>,921,211,IDLE_SAFE,15.034983,100.915798,119.4762,9.2219,0,3,0,-98,4,72
358,14:56:25,<2>,921,212,IDLE_SAFE,15.034983,100.915798,119.8528,9.2219,0,3,0,-96,5.75,72
359,14:56:27,<2>,921,213,IDLE_SAFE,15.034983,100.915798,119.7028,9.2219,0,3,0,-95,6.75,72
360,14:56:29,<2>,921,214,IDLE_SAFE,15.034983,100.915798,119.4325,9.2219,0,3,0,-98,3.75,72
361,14:56:31,<2>,921,215,IDLE_SAFE,15.034983,100.915798,119.7824,9.2219,0,3,0,-96,6.5,72
362,14:56:33,<2>,921,216,IDLE_SAFE,15.034983,100.915798,119.6653,9.2219,0,3,0,-94,4.5,72
363,14:56:36,<2>,921,217,IDLE_SAFE,15.034983,100.915798,119.71,9.2219,0,3,0,-94,6.5,72
364,14:56:38,<2>,921,218,IDLE_SAFE,15.034983,100.915798,119.694,9.2219,0,3,0,-94,6.25,72
365,14:56:39,<2>,921,219,IDLE_SAFE,15.034983,100.915798,119.4855,9.2219,0,3,0,-95,4.5,72
366,14:56:41,<2>,921,220,IDLE_SAFE,15.034983,100.915798,119.8954,9.2219,0,3,0,-97,5.5,72
367,14:56:43,<2>,921,221,IDLE_SAFE,15.034983,100.915798,119.5913,9.2219,0,3,0,-94,4.5,72
368,14:56:45,<2>,921,222,IDLE_SAFE,15.034983,100.915798,119.4305,9.2219,0,3,0,-97,3.5,72
369,14:56:47,<2>,921,223,IDLE_SAFE,15.034983,100.915798,119.7336,9.2219,0,3,0,-94,6.75,72
370,14:56:49,<2>,921,224,IDLE_SAFE,15.034983,100.915798,119.7377,9.2219,0,3,0,-95,5.25,72
371,14:56:52,<2>,921,225,IDLE_SAFE,15.034983,100.915798,119.4993,9.2219,0,3,0,-95,4.25,72
372,14:56:54,<2>,921,226,IDLE_SAFE,15.034983,100.915798,119.3606,9.2219,0,3,0,-95,6.25,72
373,14:56:55,<2>,921,227,IDLE_SAFE,15.034983,100.915798,119.5615,9.2219,0,3,0,-94,7.25,72
374,14:56:57,<2>,921,228,IDLE_SAFE,15.034983,100.915798,119.3575,9.2219,0,3,0,-97,5.5,72
375,14:56:59,<2>,921,229,IDLE_SAFE,15.034983,100.915798,119.3812,9.2219,0,3,0,-94,6.5,72
376,14:57:01,<2>,921,230,IDLE_SAFE,15.034983,100.915798,119.4141,9.2219,0,3,0,-98,4.5,72
377,14:57:03,<2>,921,231,IDLE_SAFE,15.034983,100.915798,119.3226,9.2219,0,3,0,-96,6.25,72
378,14:57:05,<2>,921,232,IDLE_SAFE,15.034983,100.915798,119.5286,9.2219,0,3,0,-95,5.75,72
379,14:57:07,<2>,921,233,IDLE_SAFE,15.034983,100.915798,119.5055,9.2219,0,3,0,-100,4.75,72
380,14:57:09,<2>,921,234,IDLE_SAFE,15.034983,100.915798,119.5533,9.2219,0,3,0,-107,0,72
381,14:57:11,<2>,921,235,IDLE_SAFE,15.034983,100.915798,119.4182,9.2219,0,3,0,-104,2.25,72
382,14:57:13,<2>,921,236,IDLE_SAFE,15.034983,100.915798,119.5132,9.2219,0,3,0,-102,3,72
383,14:57:15,<2>,921,237,IDLE_SAFE,15.034983,100.915798,119.5286,9.2219,0,3,0,-100,5,72
384,14:57:17,<2>,921,238,IDLE_SAFE,15.034983,100.915798,119.4546,9.2219,0,3,0,-104,2.25,72
385,14:57:19,<2>,921,239,IDLE_SAFE,15.034983,100.915798,119.4983,9.2219,0,3,0,-110,-1,72
386,14:57:21,<2>,921,240,IDLE_SAFE,15.034983,100.915798,119.6298,9.2219,0,3,0,-111,-2,72
387,14:57:23,<2>,921,241,IDLE_SAFE,15.034983,100.915798,119.544,9.2219,0,3,0,-96,6,72
388,14:57:25,<2>,921,242,IDLE_SAFE,15.034983,100.915798,119.6324,9.2219,0,3,0,-100,5,72
389,14:57:27,<2>,921,243,IDLE_SAFE,15.034983,100.915798,119.5522,9.2219,0,3,0,-106,2.25,72
390,14:57:29,<2>,921,244,IDLE_SAFE,15.034983,100.915798,119.1967,9.2219,0,3,0,-109,-1,72
391,14:57:31,<2>,921,245,IDLE_SAFE,15.034983,100.915798,119.3694,9.2219,0,3,0,-104,2.5,72
392,14:57:33,<2>,921,246,IDLE_SAFE,15.034983,100.915798,119.4824,9.2219,0,3,0,-107,0.5,72
393,14:57:35,<2>,921,247,IDLE_SAFE,15.034983,100.915798,119.2142,9.2219,0,3,0,-100,5.25,72
394,14:57:37,<2>,921,248,IDLE_SAFE,15.034983,100.915798,119.3457,9.2219,0,3,0,-96,6.25,72
395,14:57:39,<2>,921,249,IDLE_SAFE,15.034983,100.915798,119.4587,9.2219,0,3,0,-103,2.75,72
396,14:57:41,<2>,921,250,IDLE_SAFE,15.034983,100.915798,119.7809,9.2219,0,3,0,-102,3.5,72
397,14:57:44,<2>,921,251,IDLE_SAFE,15.034983,100.915798,119.4361,9.2219,0,3,0,-102,3.75,72
398,14:57:45,<2>,921,252,IDLE_SAFE,15.034983,100.915798,119.5975,9.2219,0,3,0,-101,3.5,72
399,14:57:48,<2>,921,253,IDLE_SAFE,15.034983,100.915798,119.393,9.2219,0,3,0,-101,4.5,72
400,14:57:49,<2>,921,254,IDLE_SAFE,15.034983,100.915798,119.2682,9.2219,0,3,0,-110,-2,72
401,14:57:51,<2>,921,255,IDLE_SAFE,15.034983,100.915798,119.4839,9.2219,0,3,0,-102,3,72
402,14:57:56,<2>,921,1,IDLE_SAFE,15.034983,100.915798,119.6118,9.2219,0,3,0,-102,4.5,70
403,14:57:57,<2>,921,2,IDLE_SAFE,15.034983,100.915798,119.3103,9.2219,0,3,0,-103,3.75,70
404,14:58:01,<2>,921,4,IDLE_SAFE,15.034983,100.915798,119.8117,9.2219,0,3,0,-102,3,70
405,14:58:04,<2>,921,5,IDLE_SAFE,15.034983,100.915798,119.7783,9.2219,0,3,0,-102,4,70
406,14:58:05,<2>,921,6,IDLE_SAFE,15.034983,100.915798,119.5707,9.2219,0,3,0,-110,-2,70
407,14:58:07,<2>,921,7,IDLE_SAFE,15.034983,100.915798,119.5266,9.2219,0,3,0,-111,-2.25,70
408,14:58:09,<2>,921,8,IDLE_SAFE,15.034983,100.915798,119.7125,9.2219,0,4,0,-107,1.5,70
409,14:58:13,<2>,921,10,IDLE_SAFE,15.034983,100.915798,119.5707,9.2219,0,4,0,-108,0.5,71
410,14:58:15,<2>,921,11,IDLE_SAFE,15.034983,100.915798,119.5194,9.2219,0,4,0,-109,-0.5,71
411,14:58:17,<2>,921,12,IDLE_SAFE,15.034983,100.915798,119.5004,9.2219,0,4,0,-105,2,71
412,14:58:19,<2>,921,13,IDLE_SAFE,15.034983,100.915798,119.3139,9.2219,0,4,0,-101,4.5,71
413,14:58:21,<2>,921,14,IDLE_SAFE,15.034983,100.915798,119.5404,9.2219,0,4,0,-104,3,71
414,14:58:26,<2>,921,16,ARMED,15.034983,100.915.915798,119.5404,9.2219,0,4,0,-104,3,71
415,14:58:32,<2>,921,19,PAD_PREOP,15.034983,100.915798,119.6391,9.2219,0,6,0,-103,3.5,71
416,14:58:34,<2>,921,20,PAD_PREOP,15.034983,100.915798,119.524,9.2219,0,6,0,-105,2,71
417,14:58:36,<2>,921,21,PAD_PREOP,15.034983,100.915798,119.5168,9.2219,0,6,0,-103,1.75,71
418,14:58:38,<2>,921,22,PAD_PREOP,15.034983,100.915798,119.7166,9.2219,0,6,0,-104,2.75,71
419,14:58:40,<2>,921,23,PAD_PREOP,15.034983,100.915798,119.7942,9.2219,0,6,0,-108,0.25,71
420,14:58:42,<2>,921,24,PAD_PREOP,15.034983,100.915798,119.598,9.2219,0,6,0,-104,2.5,71
421,14:58:44,<2>,921,25,PAD_PREOP,15.034983,100.915798,119.4634,9.2219,0,6,0,-107,1,71
422,14:58:46,<2>,921,26,PAD_PREOP,15.034983,100.915798,119.5076,9.2219,0,6,0,-105,1.75,71
423,14:58:48,<2>,921,27,PAD_PREOP,15.034983,100.915798,119.5055,9.2219,0,6,0,-102,3.75,71
424,14:58:50,<2>,921,28,PAD_PREOP,15.034983,100.915798,119.4428,9.2219,0,6,0,-104,3.25,71
425,14:58:52,<2>,921,29,PAD_PREOP,15.034983,100.915798,119.5456,9.2219,0,6,0,-104,2.75,71
426,14:58:54,<2>,921,30,PAD_PREOP,15.034983,100.915798,119.8204,9.2219,0,6,0,-106,1.5,71
427,14:58:56,<2>,921,31,PAD_PREOP,15.034983,100.915798,119.7177,9.2219,0,6,0,-102,4,71
428,14:58:58,<2>,921,32,PAD_PREOP,15.034983,100.915798,119.3853,9.2219,0,6,0,-102,3.5,71
429,14:59:00,<2>,921,33,PAD_PREOP,15.034983,100.915798,119.6976,9.2219,0,6,0,-107,0.75,71
430,14:59:02,<2>,921,34,PAD_PREOP,15.034983,100.915798,119.3791,9.2219,0,6,0,-104,3,71
431,14:59:04,<2>,921,35,PAD_PREOP,15.034983,100.915798,119.5363,9.2219,0,6,0,-105,2,71
432,14:59:06,<2>,921,36,PAD_PREOP,15.034983,100.915798,119.9057,9.2219,0,6,0,-105,2.25,71
433,14:59:08,<2>,921,37,PAD_PREOP,15.034983,100.915798,119.8327,9.2219,0,6,0,-104,3,71
434,14:59:10,<2>,921,38,PAD_PREOP,15.034983,100.915798,119.9643,9.2219,0,6,0,-104,2.25,71
435,14:59:12,<2>,921,39,PAD_PREOP,15.034983,100.915798,119.9679,9.2219,0,6,0,-103,3.5,71
436,14:59:14,<2>,921,40,PAD_PREOP,15.034983,100.915798,119.8214,9.2219,0,6,0,-102,3.75,71
437,14:59:16,<2>,921,41,PAD_PREOP,15.034983,100.915798,119.6093,9.2219,0,6,0,-103,3.75,71
438,14:59:18,<2>,921,42,PAD_PREOP,15.034983,100.915798,119.7485,9.2219,0,6,0,-102,3.75,71
439,14:59:20,<2>,921,43,PAD_PREOP,15.034983,100.915798,119.6535,9.2219,0,6,0,-101,4.25,71
440,14:59:22,<2>,921,44,PAD_PREOP,15.034983,100.915798,119.6134,9.2219,0,6,0,-100,5,71
441,14:59:24,<2>,921,45,PAD_PREOP,15.034983,100.915798,119.6976,9.2219,0,6,0,-101,4.5,71
442,14:59:26,<2>,921,46,PAD_PREOP,15.034983,100.915798,119.5507,9.2219,0,6,0,-100,4.75,71
443,14:59:28,<2>,921,47,PAD_PREOP,15.034983,100.915798,119.6046,9.2219,0,6,0,-101,4,71
444,14:59:30,<2>,921,48,PAD_PREOP,15.034983,100.915798,119.6935,9.2219,0,6,0,-104,2.75,71
445,14:59:32,<2>,921,49,PAD_PREOP,15.034983,100.915798,119.712,9.2219,0,6,0,-101,3.75,71
446,14:59:34,<2>,921,50,PAD_PREOP,15.034983,100.915798,119.5862,9.2219,0,6,0,-101,4.5,71
447,14:59:36,<2>,921,51,PAD_PREOP,15.034983,100.915798,119.6005,9.2219,0,6,0,-101,4.25,71
448,14:59:38,<2>,921,52,PAD_PREOP,15.034983,100.915798,119.9232,9.2219,0,6,0,-100,5.25,71
449,14:59:40,<2>,921,53,PAD_PREOP,15.034983,100.915798,119.6992,9.2219,0,6,0,-100,5,71
450,14:59:42,<2>,921,54,PAD_PREOP,15.034983,100.915798,119.6375,9.2219,0,6,0,-100,4.5,71
451,14:59:44,<2>,921,55,PAD_PREOP,15.034983,100.915798,119.7033,9.2219,0,6,0,-87,7.25,71
452,14:59:46,<2>,921,55,PAD_PREOP,15.034983,100.915798,119.7033,9.2219,0,6,0,-87,7.25,71
453,14:59:48,<2>,921,55,PAD_PREOP,15.034983,100.915798,119.7033,9.2219,0,6,0,-87,7.25,71
454,14:59:49,<2>,921,56,POWERED,15.034983,100.915798,119.8872,9.2219,0,6,0,-100,4.75,69
455,14:59:51,<2>,921,57,COASTING,15.034983,100.915798,918.3795,9.2219,0,6,0,-110,-1,70
456,14:59:53,<2>,921,58,COASTING,15.034983,100.915798,1018.6127,19.6501,0,6,0,-97,7,72
457,14:59:55,<2>,921,59,COASTING,15.034983,100.915798,1085.7913,86.8286,0,6,0,-94,7.5,72
458,14:59:57,<2>,921,60,COASTING,15.035143,100.915173,1122.2069,123.2443,0,6,0,-96,7,73
459,14:59:59,<2>,921,61,COASTING,15.032143,100.915173,1126.4935,128.3163,0,6,0,-105,2.25,73
460,15:00:01,<2>,921,62,DROG_DESC,15.035143,100.915173,1098.5533,128.3163,0,6,0,-99,5.5,74
461,15:00:03,<2>,921,63,MAIN_DESC,15.035143,100.915173,1040.0814,128.3163,0,6,0,-103,3.5,74
462,15:00:05,<2>,921,64,MAIN_DESC,15.035143,100.915173,953.9618,128.3163,0,6,0,-101,3.5,73
463,15:00:07,<2>,921,65,LANDED,15.035143,100.915173,832.2857,128.3163,0,6,0,-99,5.5,70
464,15:00:09,<2>,921,66,LANDED,15.035143,100.915173,699.2946,128.3163,0,6,0,-90,7,70
465,15:00:11,<2>,921,67,LANDED,15.033193,100.914518,527.8241,128.3163,0,6,0,-104,0.25,70
466,15:00:13,<2>,921,68,LANDED,15.033193,100.914518,338.1425,128.3163,`.00,6,"0j",-101,1.5,70
467,15:00:16,<2>,921,68,LANDED,15.033193,100.914518,338.1425,128.3163,`.00,6,"0j",-101,1.5,70
468,15:00:18,<2>,921,68,LANDED,15.033193,100.914518,338.1425,128.3163,`.00,6,"0j",-101,1.5,70
469,15:00:20,<2>,921,68,LANDED,15.033193,100.914518,338.1425,128.3163,`.00,6,"0j",-101,1.5,70
470,15:00:22,<2>,921,68,LANDED,15.033193,100.914518,338.1425,128.3163,`.00,6,"0j",-101,1.5,70
471,15:00:24,<2>,921,68,LANDED,15.033193,100.914518,338.1425,128.3163,`.00,6,"0j",-101,1.5,70
472,15:00:26,<2>,921,68,LANDED,15.033193,100.914518,338.1425,128.3163,`.00,6,"0j",-101,1.5,70
473,15:00:28,<2>,921,68,LANDED,15.033193,100.914518,338.1425,128.3163,`.00,6,"0j",-101,1.5,70
474,15:00:30,<2>,921,68,LANDED,15.033193,100.914518,338.1425,128.3163,`.00,6,"0j",-101,1.5,70
475,15:00:32,<2>,921,68,LANDED,15.033193,100.914518,338.1425,128.3163,`.00,6,"0j",-101,1.5,70
476,15:00:34,<2>,921,68,LANDED,15.033193,100.914518,338.1425,128.3163,`.00,6,"0j",-101,1.5,70
477,15:00:37,<2>,921,68,LANDED,15.033193,100.914518,338.1425,128.3163,`.00,6,"0j",-101,1.5,70
478,15:00:39,<2>,921,68,LANDED,15.033193,100.914518,338.1425,128.3163,`.00,6,"0j",-101,1.5,70
479,15:00:41,<2>,921,68,LANDED,15.033193,100.914518,338.1425,128.3163,`.00,6,"0j",-101,1.5,70
480,15:00:43,<2>,921,68,LANDED,15.033193,100.914518,338.1425,128.3163,`.00,6,"0j",-101,1.5,70
481,15:00:45,<2>,921,68,LANDED,15.033193,100.914518,338.1425,128.3163,`.00,6,"0j",-101,1.5,70
482,15:00:47,<2>,921,68,LANDED,15.033193,100.914518,338.1425,128.3163,`.00,6,"0j",-101,1.5,70
483,15:00:49,<2>,921,68,LANDED,15.033193,100.914518,338.1425,128.3163,`.00,6,"0j",-101,1.5,70
484,15:00:51,<2>,921,68,LANDED,15.033193,100.914518,338.1425,128.3163,`.00,6,"0j",-101,1.5,70
485,15:00:53,<2>,921,68,LANDED,15.033193,100.914518,338.1425,128.3163,`.00,6,"0j",-101,1.5,70
486,15:00:55,<2>,921,68,LANDED,15.033193,100.914518,338.1425,128.3163,`.00,6,"0j",-101,1.5,70
487,15:00:58,<2>,921,68,LANDED,15.033193,100.914518,338.1425,128.3163,`.00,6,"0j",-101,1.5,70
488,15:01:00,<2>,921,68,LANDED,15.033193,100.914518,338.1425,128.3163,`.00,6,"0j",-101,1.5,70
489,15:01:02,<2>,921,68,LANDED,15.033193,100.914518,338.1425,128.3163,`.00,6,"0j",-101,1.5,70
490,15:01:04,<2>,921,68,LANDED,15.033193,100.914518,338.1425,128.3163,`.00,6,"0j",-101,1.5,70
491,15:01:06,<2>,921,68,LANDED,15.033193,100.914518,338.1425,128.3163,`.00,6,"0j",-101,1.5,70
492,15:01:08,<2>,921,68,LANDED,15.033193,100.914518,338.1425,128.3163,`.00,6,"0j",-101,1.5,70
493,15:01:10,<2>,921,68,LANDED,15.033193,100.914518,338.1425,128.3163,`.00,6,"0j",-101,1.5,70
494,15:01:12,<2>,921,68,LANDED,15.033193,100.914518,338.1425,128.3163,`.00,6,"0j",-101,1.5,70
495,15:01:14,<2>,921,68,LANDED,15.033193,100.914518,338.1425,128.3163,`.00,6,"0j",-101,1.5,70
496,15:01:17,<2>,921,68,LANDED,15.033193,100.914518,338.1425,128.3163,`.00,6,"0j",-101,1.5,70
497,15:01:19,<2>,921,68,LANDED,15.033193,100.914518,338.1425,128.3163,`.00,6,"0j",-101,1.5,70
498,15:01:21,<2>,921,68,LANDED,15.033193,100.914518,338.1425,128.3163,`.00,6,"0j",-101,1.5,70
499,15:01:23,<2>,921,68,LANDED,15.033193,100.914518,338.1425,128.3163,`.00,6,"0j",-101,1.5,70
500,15:01:25,<2>,921,68,LANDED,15.033193,100.914518,338.1425,128.3163,`.00,6,"0j",-101,1.5,70
501,15:01:27,<2>,921,68,LANDED,15.033193,100.914518,338.1425,128.3163,`.00,6,"0j",-101,1.5,70
502,15:01:29,<2>,921,68,LANDED,15.033193,100.914518,338.1425,128.3163,`.00,6,"0j",-101,1.5,70
503,15:01:31,<2>,921,68,LANDED,15.033193,100.914518,338.1425,128.3163,`.00,6,"0j",-101,1.5,70
504,15:01:33,<2>,921,68,LANDED,15.033193,100.914518,338.1425,128.3163,`.00,6,"0j",-101,1.5,70
505,15:01:35,<2>,921,68,LANDED,15.033193,100.914518,338.1425,128.3163,`.00,6,"0j",-101,1.5,70
506,15:01:38,<2>,921,68,LANDED,15.033193,100.914518,338.1425,128.3163,`.00,6,"0j",-101,1.5,70
507,15:01:40,<2>,921,68,LANDED,15.033193,100.914518,338.1425,128.3163,`.00,6,"0j",-101,1.5,70
508,15:01:42,<2>,921,68,LANDED,15.033193,100.914518,338.1425,128.3163,`.00,6,"0j",-101,1.5,70
509,15:01:44,<2>,921,68,LANDED,15.033193,100.914518,338.1425,128.3163,`.00,6,"0j",-101,1.5,70
510,15:01:46,<2>,921,68,LANDED,15.033193,100.914518,338.1425,128.3163,`.00,6,"0j",-101,1.5,70
511,15:01:48,<2>,921,68,LANDED,15.033193,100.914518,338.1425,128.3163,`.00,6,"0j",-101,1.5,70
512,15:01:50,<2>,921,68,LANDED,15.033193,100.914518,338.1425,128.3163,`.00,6,"0j",-101,1.5,70
513,15:01:52,<2>,921,68,LANDED,15.033193,100.914518,338.1425,128.3163,`.00,6,"0j",-101,1.5,70
514,15:01:54,<2>,921,68,LANDED,15.033193,100.914518,338.1425,128.3163,`.00,6,"0j",-101,1.5,70
515,15:01:56,<2>,921,68,LANDED,15.033193,100.914518,338.1425,128.3163,`.00,6,"0j",-101,1.5,70
516,15:01:59,<2>,921,68,LANDED,15.033193,100.914518,338.1425,128.3163,`.00,6,"0j",-101,1.5,70
517,15:02:01,<2>,921,68,LANDED,15.033193,100.914518,338.1425,128.3163,`.00,6,"0j",-101,1.5,70
518,15:02:03,<2>,921,68,LANDED,15.033193,100.914518,338.1425,128.3163,`.00,6,"0j",-101,1.5,70
519,15:02:05,<2>,921,68,LANDED,15.033193,100.914518,338.1425,128.3163,`.00,6,"0j",-101,1.5,70
520,15:02:07,<2>,921,68,LANDED,15.033193,100.914518,338.1425,128.3163,`.00,6,"0j",-101,1.5,70
521,15:02:09,<2>,921,68,LANDED,15.033193,100.914518,338.1425,128.3163,`.00,6,"0j",-101,1.5,70
522,15:02:11,<2>,921,68,LANDED,15.033193,100.914518,338.1425,128.3163,`.00,6,"0j",-101,1.5,70
523,15:02:13,<2>,921,68,LANDED,15.033193,100.914518,338.1425,128.3163,`.00,6,"0j",-101,1.5,70
524,15:02:15,<2>,921,68,LANDED,15.033193,100.914518,338.1425,128.3163,`.00,6,"0j",-101,1.5,70
525,15:02:17,<2>,921,68,LANDED,15.033193,100.914518,338.1425,128.3163,`.00,6,"0j",-101,1.5,70
526,15:02:20,<2>,921,68,LANDED,15.033193,100.914518,338.1425,128.3163,`.00,6,"0j",-101,1.5,70
527,15:02:22,<2>,921,68,LANDED,15.033193,100.914518,338.1425,128.3163,`.00,6,"0j",-101,1.5,70
528,15:02:24,<2>,921,68,LANDED,15.033193,100.914518,338.1425,128.3163,`.00,6,"0j",-101,1.5,70
529,15:02:26,<2>,921,68,LANDED,15.033193,100.914518,338.1425,128.3163,`.00,6,"0j",-101,1.5,70
