"RocketName","freq","counter","state","gps_latitude","gps_longitude","altitude","apogee","voltageMon","last_ack","last_nack","RSSI","SNR","PacketLength"
"<2>",921,220,"IDLE_SAFE",15.036158,100.912605,100.102,12.2688,0,13,"1",-61,4.75,74
"<2>",921,221,"IDLE_SAFE",15.036158,100.912605,100.0959,12.2688,0,13,1,-62,4.5,74
"<2>",921,222,"IDLE_SAFE",15.036158,100.912605,100.4107,12.2688,0,13,1,-63,3.5,74
"<2>",921,223,"IDLE_SAFE",15.036158,100.912605,100.0415,12.2688,0,13,1,-60,4.75,74
"<2>",921,224,"IDLE_SAFE",15.036158,100.912605,100.2138,12.2688,0,13,1,-66,5.25,74
"<2>",921,225,"IDLE_SAFE",15.036158,100.912605,100.0379,12.2688,0,13,1,-68,4.25,74
"<2>",921,226,"IDLE_SAFE",15.036158,100.912605,100.2923,12.2688,0,13,1,-68,6,74
"<2>",921,227,"IDLE_SAFE",15.036132,100.912728,100.1071,12.2688,0,13,1,-66,4.75,74
"<2>",921,228,"IDLE_SAFE",15.036132,100.912728,100.2794,12.2688,0,13,1,-76,5.25,74
"<2>",921,229,"IDLE_SAFE",15.036132,100.912728,100.3148,12.2688,0,13,1,-63,4.5,74
"<2>",921,230,"IDLE_SAFE",15.036132,100.912728,100.1415,12.2688,0,13,1,-74,5.5,74
"<2>",921,231,"IDLE_SAFE",15.036132,100.912728,99.9949,12.2688,0,13,1,-73,6.25,73
"<2>",921,232,"IDLE_SAFE",15.036132,100.912728,100.1466,12.2688,0,13,1,-67,5.75,74
"<2>",921,233,"IDLE_SAFE",15.036132,100.912728,99.8913,12.2688,0,13,1,-75,8,73
"<2>",921,234,"IDLE_SAFE",15.036132,100.912728,100.0482,12.2688,0,13,1,-74,7.25,74
"<2>",921,235,"IDLE_SAFE",15.036132,100.912728,100.1379,12.2688,0,13,1,-74,6.25,74
"<2>",921,236,"IDLE_SAFE",15.036132,100.912728,100.263,12.2688,0,13,1,-75,3.75,74
"<2>",921,237,"IDLE_SAFE",15.036132,100.912728,100.1487,12.2688,0,13,1,-70,8.25,74
"<2>",921,238,"IDLE_SAFE",15.036132,100.912728,100.0615,12.2688,0,13,1,-74,4.5,74
"<2>",921,239,"IDLE_SAFE",15.036132,100.912728,100.2502,12.2688,0,13,1,-74,3.5,74
"<2>",921,240,"IDLE_SAFE",15.036132,100.912728,100.3133,12.2688,0,13,1,-76,7.75,74
"<2>",921,241,"IDLE_SAFE",15.036132,100.912728,100.1348,12.2688,0,13,1,-66,5.25,74
"<2>",921,242,"IDLE_SAFE",15.036132,100.912728,100.363,12.2688,0,13,1,-72,5.5,74
"<2>",921,243,"IDLE_SAFE",15.036132,100.912728,100.4728,12.2688,0,13,1,-71,5.75,74
"<2>",921,244,"IDLE_SAFE",15.036132,100.912728,100.4328,12.2688,0,13,1,-76,7.75,74
"<2>",921,245,"IDLE_SAFE",15.036132,100.912728,100.2615,12.2688,0,13,1,-71,4.75,74
"<2>",921,246,"IDLE_SAFE",15.036132,100.912728,100.1302,12.2688,0,13,1,-74,7.25,74
"<2>",921,247,"IDLE_SAFE",15.036132,100.912728,100.4348,12.2688,0,13,1,-68,3,74
"<2>",921,248,"IDLE_SAFE",15.036132,100.912728,100.3333,12.2688,0,13,1,-68,4.75,74
"<2>",921,249,"IDLE_SAFE",15.036132,100.912728,100.1179,12.2688,0,13,1,-65,7.5,74
"<2>",921,250,"IDLE_SAFE",15.036132,100.912728,100.1861,12.2688,0,13,1,-68,7.5,74
"<2>",921,251,"IDLE_SAFE",15.036132,100.912728,100.6092,12.2688,0,13,1,-67,7,74
"<2>",921,252,"IDLE_SAFE",15.036132,100.912728,100.803,12.2688,0,13,1,-80,4,74
"<2>",921,253,"IDLE_SAFE",15.036132,100.912728,100.7979,12.2688,0,13,1,-85,5.75,74
"<2>",921,254,"IDLE_SAFE",15.036132,100.912728,100.9615,12.2688,0,13,1,-85,5,74
"<2>",921,255,"IDLE_SAFE",15.036132,100.912728,100.8553,12.2688,0,13,1,-90,4.25,74
"<2>",921,0,"IDLE_SAFE",15.036132,100.912728,100.4815,12.2688,0,13,1,-95,5.25,72
"<2>",921,1,"IDLE_SAFE",15.036132,100.912728,100.5302,12.2688,0,13,1,-83,8,72
"<2>",921,2,"IDLE_SAFE",15.036132,100.912728,100.0456,12.2688,0,13,1,-88,7,72
"<2>",921,3,"IDLE_SAFE",15.036132,100.912728,100.0969,12.2688,0,13,1,-86,7.75,72
"<2>",921,4,"IDLE_SAFE",15.036132,100.912728,99.5682,12.2688,0,13,1,-87,6.25,71
"<2>",921,5,"IDLE_SAFE",15.036132,100.912728,99.4129,12.2688,0,13,1,-93,4.75,71
"<2>",921,6,"IDLE_SAFE",15.036132,100.912728,99.3011,12.2688,0,13,1,-95,4.5,71
"<2>",921,7,"IDLE_SAFE",15.036132,100.912728,98.7848,12.2688,0,13,1,-96,4.5,71
"<2>",921,8,"IDLE_SAFE",15.036132,100.912728,98.469,12.2688,0,13,1,-99,3,71
"<2>",921,9,"IDLE_SAFE",15.036132,100.912728,98.3275,12.2688,0,13,1,-98,3.5,71
"<2>",921,10,"IDLE_SAFE",15.036132,100.912728,98.2013,12.2688,0,13,1,-93,6.25,72
"<2>",921,11,"IDLE_SAFE",15.036132,100.912728,98.1911,12.2688,0,13,1,-94,6.5,72
"<2>",921,12,"IDLE_SAFE",15.036132,100.912728,97.8604,12.2688,0,13,1,-94,7.25,72
"<2>",921,13,"IDLE_SAFE",15.036132,100.912728,97.6784,12.2688,0,13,1,-96,6,72
"<2>",921,14,"IDLE_SAFE",15.036132,100.912728,97.6313,12.2688,0,13,1,-101,3.5,72
"<2>",921,15,"IDLE_SAFE",15.036132,100.912728,97.6174,12.2688,0,13,1,-102,3,72
"<2>",921,16,"IDLE_SAFE",15.036132,100.912728,97.3995,12.2688,0,13,1,-109,-2,72
"<2>",921,17,"IDLE_SAFE","15.8>6132",100.912728,97.2642,12.2688,0,13,"1",-105,0.5,72
"<2>",921,20,"IDLE_SAFE",15.036132,100.912728,96.8838,12.2688,0,13,1,-110,-5.25,72
"<2>",921,21,"IDLE_SAFE",15.036132,100.912728,96.444,12.2688,0,13,1,-112,-6.5,72
"<2>",921,22,"IDLE_SAFE",15.036132,100.912728,96.4507,12.2688,0,13,1,-103,0.25,72
"<2>",921,23,"IDLE_SAFE",15.036132,100.912728,96.0304,12.2688,0,13,1,-106,0,72
"<2>",921,24,"IDLE_SAFE",15.036132,100.912728,95.7146,12.2688,0,13,1,-116,-9.5,72
"<2>",921,25,"IDLE_SAFE",15.036132,100.912728,96.1344,12.2688,0,13,1,-110,-1.25,72
"<2>",921,26,"IDLE_SAFE",15.036132,100.912728,95.5322,12.2688,0,13,1,-111,-2.5,72
"<2>",921,27,"IDLE_SAFE",15.036132,100.912728,95.3861,12.2688,0,13,1,-115,-6.25,72
"<2>",921,27,"IDLE_SAFE",15.036132,100.912728,95.3861,12.2688,0,13,1,-115,-6.25,72
"<2>",921,27,"IDLE_SAFE",15.036132,100.912728,95.3861,12.2688,0,13,1,-115,-6.25,72
"<2>",921,27,"IDLE_SAFE",15.036132,100.912728,95.3861,12.2688,0,13,1,-115,-6.25,72
"<2>",921,27,"IDLE_SAFE",15.036132,100.912728,95.3861,12.2688,0,13,1,-115,-6.25,72
"<2>",921,27,"IDLE_SAFE",15.036132,100.912728,95.3861,12.2688,0,13,1,-115,-6.25,72
"<2>",921,27,"IDLE_SAFE",15.036132,100.912728,95.3861,12.2688,0,13,1,-115,-6.25,72
"<2>",921,27,"IDLE_SAFE",15.036132,100.912728,95.3861,12.2688,0,13,1,-115,-6.25,72
"<2>",921,27,"IDLE_SAFE",15.036132,100.912728,95.3861,12.2688,0,13,1,-115,-6.25,72
"<2>",921,27,"IDLE_SAFE",15.036132,100.912728,95.3861,12.2688,0,13,1,-115,-6.25,72
"<2>",921,27,"IDLE_SAFE",15.036132,100.912728,95.3861,12.2688,0,13,1,-115,-6.25,72
"<2>",921,27,"IDLE_SAFE",15.036132,100.912728,95.3861,12.2688,0,13,1,-115,-6.25,72
"<2>",921,27,"IDLE_SAFE",15.036132,100.912728,95.3861,12.2688,0,13,1,-115,-6.25,72
"<2>",921,27,"IDLE_SAFE",15.036132,100.912728,95.3861,12.2688,0,13,1,-115,-6.25,72
"<2>",921,27,"IDLE_SAFE",15.036132,100.912728,95.3861,12.2688,0,13,1,-115,-6.25,72
"<2>",921,27,"IDLE_SAFE",15.036132,100.912728,95.3861,12.2688,0,13,1,-115,-6.25,72
"<2>",921,44,"IDLE_SAFE",15.036132,100.912728,95.3861,12.2688,0,13,1,-115,-6.25,72
"<2>",921,45,"IDLE_SAFE",15.036132,100.912728,95.3861,12.2688,0,13,1,-115,-6.25,72
"<2>",921,46,"IDLE_SAFE",15.036132,100.912728,94.3061,12.2688,0,13,1,-115,-6.25,72
"<2>",921,47,"IDLE_SAFE",15.036132,100.912728,94.2847,12.2688,0,13,1,-115,-6.25,72
"<2>",921,48,"IDLE_SAFE",15.036132,100.912728,94.4092,12.2688,0,13,1,-90,7.75,72
"<2>",921,49,"IDLE_SAFE",15.036132,100.912728,94.298,12.2688,0,13,1,-90,7.5,72
"<2>",921,50,"IDLE_SAFE",15.036132,100.912728,94.4774,12.2688,0,13,1,-110,-3.75,72
"<2>",921,51,"IDLE_SAFE",15.036132,100.912728,94.2663,12.2688,0,13,1,-96,5.5,72
"<2>",921,52,"IDLE_SAFE",15.036132,100.912728,94.3395,12.2688,0,13,1,-98,4.75,72
"<2>",921,53,"IDLE_SAFE",15.036132,100.912728,94.2673,12.2688,0,13,1,-91,7,72
"<2>",921,54,"IDLE_SAFE",15.036132,100.912728,94.4036,12.2688,0,13,1,-97,5.5,72
"<2>",921,55,"IDLE_SAFE",15.036132,100.912728,94.2191,12.2688,0,13,1,-104,1.25,72
"<2>",921,56,"IDLE_SAFE",15.036132,100.912728,94.3503,12.2688,0,13,1,-115,-8,72
"<2>",921,56,"IDLE_SAFE",15.036132,100.912728,94.3503,12.2688,0,13,1,-115,-8,72
"<2>",921,56,"IDLE_SAFE",15.036132,100.912728,94.3503,12.2688,0,13,1,-115,-8,72
"<2>",921,56,"IDLE_SAFE",15.036132,100.912728,94.3503,12.2688,0,13,1,-115,-8,72
"<2>",921,60,"IDLE_SAFE",15.036132,100.912728,94.4661,12.2688,0,13,1,-92,6.25,72
"<2>",921,61,"IDLE_SAFE",15.036132,100.912728,94.3539,12.2688,0,13,1,-106,-0.75,72
"<2>",921,62,"IDLE_SAFE",15.036132,100.912728,94.237,12.2688,0,13,1,-107,-0.75,72
"<2>",921,63,"IDLE_SAFE",15.036132,100.912728,94.3918,12.2688,0,13,1,-110,-4.25,72
"<2>",921,64,"IDLE_SAFE",15.036132,100.912728,94.5348,12.2688,0,13,1,-98,5,72
"<2>",921,65,"IDLE_SAFE",15.036132,100.912728,94.4026,12.2688,0,13,1,-99,4.25,72
"<2>",921,66,"IDLE_SAFE",15.036132,100.912728,94.5076,12.2688,0,13,1,-94,7,72
"<2>",921,67,"IDLE_SAFE",15.036132,100.912728,94.42,12.2688,0,13,1,-103,1,72
"<2>",921,68,"IDLE_SAFE",15.036132,100.912728,94.501,12.2688,0,13,1,-120,-14,72
"<2>",921,69,"IDLE_SAFE",15.036132,100.912728,94.2417,12.2688,0,13,1,-96,5.25,72
"<2>",921,70,"IDLE_SAFE",15.036132,100.912728,94.4851,12.2688,0,13,1,-92,5.75,72
"<2>",921,71,"IDLE_SAFE",15.036132,100.912728,94.4774,12.2688,0,13,1,-95,5.75,72
"<2>",921,72,"IDLE_SAFE",15.036132,100.912728,94.3775,12.2688,0,13,1,-97,5.5,72
"<2>",921,73,"IDLE_SAFE",15.036132,100.912728,94.0418,12.2688,0,13,1,-105,0.5,72
"<2>",921,74,"IDLE_SAFE",15.036132,100.912728,94.3052,12.2688,0,13,1,-94,6.75,72
"<2>",921,75,"IDLE_SAFE",15.036132,100.912728,94.3913,12.2688,0,13,1,-94,6,72
"<2>",921,76,"IDLE_SAFE",15.036132,100.912728,94.2391,12.2688,0,13,1,-105,0.75,72
"<2>",921,77,"IDLE_SAFE",15.036132,100.912728,94.0982,12.2688,0,13,1,-94,6.25,72
"<2>",921,78,"IDLE_SAFE",15.036132,100.912728,94.8474,12.2688,0,13,1,-102,2.25,72
"<2>",921,79,"IDLE_SAFE",15.036132,100.912728,94.4077,12.2688,0,13,1,-111,-4.25,72
"<2>",921,80,"IDLE_SAFE",15.036132,100.912728,94.503,12.2688,0,13,1,-101,3.25,72
"<2>",921,81,"IDLE_SAFE",15.036132,100.912728,94.4948,12.2688,0,13,1,-107,-1.25,72
"<2>",921,82,"IDLE_SAFE",15.036132,100.912728,94.3682,12.2688,0,13,1,-88,6.75,72
"<2>",921,83,"IDLE_SAFE",15.036132,100.912728,94.2837,12.2688,0,13,1,-94,6,72
"<2>",921,84,"IDLE_SAFE",15.036132,100.912728,94.5404,12.2688,0,13,1,-111,-4,72
"<2>",921,84,"IDLE_SAFE",15.036132,100.912728,94.5404,12.2688,0,13,1,-111,-4,72
"<2>",921,86,"IDLE_SAFE",15.034923,100.915827,94.2647,12.2688,0,13,1,-95,5.75,72
"<2>",921,87,"IDLE_SAFE",15.034923,100.915827,94.4851,12.2688,0,13,1,-99,4.5,72
"<2>",921,88,"IDLE_SAFE",15.034923,100.915827,94.7188,12.2688,0,13,1,-113,-6.25,72
"<2>",921,90,"IDLE_SAFE",15.034923,100.915827,94.6937,12.2688,0,13,1,-91,7.5,72
"<2>",921,91,"IDLE_SAFE",15.034923,100.915827,94.668,12.2688,0,13,1,-86,7.75,72
"<2>",921,92,"IDLE_SAFE",15.034923,100.915827,94.808,12.2688,0,13,1,-91,7.25,72
"<2>",921,93,"IDLE_SAFE",15.034923,100.915827,95.0191,12.2688,0,13,1,-91,6.25,72
"<2>",921,94,"IDLE_SAFE",15.034923,100.915827,94.7869,12.2688,0,13,1,-94,5.75,72
"<2>",921,95,"IDLE_SAFE",15.034923,100.915827,94.749,12.2688,0,13,1,-94,6.75,72
"<2>",921,96,"IDLE_SAFE",15.034923,100.915827,94.8177,12.2688,0,13,1,-91,7.75,72
"<2>",921,97,"IDLE_SAFE",15.034923,100.915827,94.9433,12.2688,0,13,1,-100,3.5,72
"<2>",921,98,"IDLE_SAFE",15.034923,100.915827,94.6716,12.2688,0,13,1,-94,7,72
"<2>",921,99,"IDLE_SAFE",15.034923,100.915827,94.3749,12.2688,0,13,1,-95,6.5,72
"<2>",921,100,"IDLE_SAFE",15.034969,100.915837,94.1381,12.2688,0,13,1,-93,6.5,73
"<2>",921,101,"IDLE_SAFE",15.034969,100.915837,93.7871,12.2688,0,13,1,-104,0.5,73
"<2>",921,102,"IDLE_SAFE",15.034969,100.915837,94.0131,12.2688,0,13,1,-100,4.25,73
"<2>",921,103,"IDLE_SAFE",15.034969,100.915837,94.0075,12.2688,0,13,1,-99,4.25,73
"<2>",921,105,"IDLE_SAFE",15.034969,100.915837,94.2309,12.2688,0,13,1,-98,4.5,73
"<2>",921,106,"IDLE_SAFE",15.034969,100.915837,94.5107,12.2688,0,13,1,-102,3,73
"<2>",921,107,"IDLE_SAFE",15.034969,100.915837,94.7234,12.2688,0,13,1,-97,4.25,73
"<2>",921,108,"IDLE_SAFE",15.034969,100.915837,94.4707,12.2688,0,13,1,-89,6.75,73
"<2>",921,109,"IDLE_SAFE",15.034969,100.915837,94.4656,12.2688,0,13,1,-90,7,73
"<2>",921,111,"IDLE_SAFE",15.034969,100.915837,94.0192,12.2688,0,13,1,-100,3,73
"<2>",921,112,"IDLE_SAFE",15.034969,100.915837,93.9044,12.2688,0,13,1,-99,4,73
"<2>",921,113,"IDLE_SAFE",15.034969,100.915837,94.1412,12.2688,0,13,1,-101,3,73
"<2>",921,115,"IDLE_SAFE",15.034969,100.915837,94.0515,12.2688,0,13,1,-104,0.5,73
"<2>",921,116,"IDLE_SAFE",15.034969,100.915837,94.3252,12.2688,0,13,1,-107,-1.75,73
"<2>",921,117,"IDLE_SAFE",15.034969,100.915837,94.2724,12.2688,0,13,1,-107,-1.5,73
"<2>",921,118,"IDLE_SAFE",15.034969,100.915837,94.1755,12.2688,0,13,1,-107,-1.75,73
"<2>",921,119,"IDLE_SAFE",15.034969,100.915837,94.0648,12.2688,0,13,1,-108,-1.5,73
"<2>",921,120,"IDLE_SAFE",15.034969,100.915837,94.1622,12.2688,0,13,1,-108,-2.75,73
"<2>",921,121,"IDLE_SAFE",15.034969,100.915837,94.0741,12.2688,0,13,1,-112,-6,73
"<2>",921,122,"IDLE_SAFE",15.034969,100.915837,94.2463,12.2688,0,13,1,-114,-8,73
"<2>",921,123,"IDLE_SAFE",15.034969,100.915837,94.236,12.2688,0,13,1,-119,-12.5,73
"<2>",921,124,"IDLE_SAFE",15.034969,100.915837,94.1094,12.2688,0,13,1,-104,1.25,73
"<2>",921,125,"IDLE_SAFE",15.034969,100.915837,94.1925,12.2688,0,13,1,-99,3.25,73
"<2>",921,126,"IDLE_SAFE",15.034969,100.915837,94.6727,12.2688,0,13,1,-106,-1.5,73
"<2>",921,126,"IDLE_SAFE",15.034969,100.915837,94.6727,12.2688,0,13,1,-106,-1.5,73
"<2>",921,129,"IDLE_SAFE",15.034969,100.915837,94.4261,12.2688,0,13,1,-112,-8,73
"<2>",921,130,"IDLE_SAFE",15.034969,100.915837,94.4994,12.2688,0,13,1,-103,1.25,73
"<2>",921,131,"IDLE_SAFE",15.034969,100.915837,94.3749,12.2688,0,13,1,-107,-1,73
"<2>",921,132,"IDLE_SAFE",15.034969,100.915837,94.5512,12.2688,0,13,1,-101,2,73
"<2>",921,133,"IDLE_SAFE",15.034969,100.915837,94.4615,12.2688,0,13,1,-103,2,73
"<2>",921,134,"IDLE_SAFE",15.034969,100.915837,94.4456,12.2688,0,13,1,-105,0.5,73
"<2>",921,135,"IDLE_SAFE",15.034969,100.915837,94.4574,12.2688,0,13,1,-107,-2,73
"<2>",921,136,"IDLE_SAFE",15.034977,100.915833,94.2934,12.2688,0,13,1,-102,1,73
"<2>",921,137,"IDLE_SAFE",15.034977,100.915833,94.545,12.2688,0,13,1,-102,2,73
"<2>",921,138,"IDLE_SAFE",15.034977,100.915833,94.3708,12.2688,0,13,1,-109,-3.5,73
"<2>",921,139,"IDLE_SAFE",15.034977,100.915833,94.4426,12.2688,0,13,1,-115,-8.75,73
"<2>",921,140,"IDLE_SAFE",15.034977,100.915833,94.4548,12.2688,0,13,1,-110,-4.5,73
"<2>",921,141,"IDLE_SAFE",15.034977,100.915833,94.5881,12.2688,0,13,1,-113,-6.5,73
"<2>",921,142,"IDLE_SAFE",15.034977,100.915833,94.565,12.2688,0,13,1,-108,-2.25,73
"<2>",921,143,"IDLE_SAFE",15.034977,100.915833,94.5338,12.2688,0,13,1,-110,-4.25,73
"<2>",921,144,"IDLE_SAFE",15.034977,100.915833,94.6373,12.2688,0,13,1,-105,0.75,73
"<2>",921,145,"IDLE_SAFE",15.034977,100.915833,94.6317,12.2688,0,13,1,-120,-13.25,73
"<2>",921,146,"IDLE_SAFE",15.034977,100.915833,95.0217,12.2688,0,13,1,-110,-4.5,73
"<2>",921,147,"IDLE_SAFE",15.034977,100.915833,94.36,12.2688,0,13,1,-117,-10.75,73
"<2>",921,148,"IDLE_SAFE",15.034977,100.915833,94.7306,12.2688,0,13,1,-119,-13,73
"<2>",921,150,"IDLE_SAFE",15.034977,100.915833,94.6255,12.2688,0,13,1,-110,-4,73
"<2>",921,151,"IDLE_SAFE",15.034977,100.915833,94.6552,12.2688,0,13,1,-112,-6,73
"<2>",921,152,"IDLE_SAFE",15.034977,100.915833,94.6793,12.2688,0,13,1,-112,-6.25,73
"<2>",921,153,"IDLE_SAFE",15.034977,100.915833,94.4077,12.2688,0,13,1,-110,-4.25,73
"<2>",921,154,"IDLE_SAFE",15.034977,100.915833,94.5927,12.2688,0,13,1,-116,-9.5,73
"<2>",921,155,"IDLE_SAFE",15.034977,100.915833,94.585,12.2688,0,13,1,-106,-0.75,73
"<2>",921,155,"IDLE_SAFE",15.034977,100.915833,94.585,12.2688,0,13,1,-106,-0.75,73
"<2>",921,157,"IDLE_SAFE",15.034977,100.915833,94.6901,12.2688,0,13,1,-109,-3,73
"<2>",921,158,"IDLE_SAFE",15.034977,100.915833,95.0596,12.2688,0,13,1,-112,-6.25,73
"<2>",921,159,"IDLE_SAFE",15.034977,100.915833,94.9284,12.2688,0,13,1,-113,-6.75,73
"<2>",921,160,"IDLE_SAFE",15.034977,100.915833,94.7844,12.2688,0,13,1,-107,-1,73
"<2>",921,161,"IDLE_SAFE",15.034977,100.915833,94.708,12.2688,0,13,1,-111,-4.5,73
"<2>",921,165,"IDLE_SAFE",15.034977,100.915833,95.0822,12.2688,0,13,1,-107,-2.25,73
"<2>",921,166,"IDLE_SAFE",15.034977,100.915833,94.9797,12.2688,0,13,1,-110,-4.5,73
"<2>",921,167,"IDLE_SAFE",15.034977,100.915833,94.6906,12.2688,0,13,1,-108,-2.75,73
"<2>",921,168,"IDLE_SAFE",15.034977,100.915833,94.8484,12.2688,0,13,1,-109,-2.75,73
"<2>",921,169,"IDLE_SAFE",15.034977,100.915833,94.7808,12.2688,0,13,1,-105,0.75,73
"<2>",921,170,"IDLE_SAFE",15.034977,100.915833,94.9392,12.2688,0,13,1,-110,-4.25,73
"<2>",921,171,"IDLE_SAFE",15.034977,100.915833,94.9761,12.2688,0,13,1,-105,-0.5,73
"<2>",921,172,"IDLE_SAFE",15.034977,100.915833,94.9971,12.2688,0,13,1,-103,0.5,73
"<2>",921,173,"IDLE_SAFE",15.034977,100.915833,94.9422,12.2688,0,13,1,-108,-1.75,73
"<2>",921,174,"IDLE_SAFE",15.034977,100.915833,94.9551,12.2688,0,13,1,-109,-3.75,73
"<2>",921,175,"IDLE_SAFE",15.034977,100.915833,95.1493,12.2688,0,13,1,-119,-13.25,73
"<2>",921,176,"IDLE_SAFE",15.034977,100.915833,94.791,12.2688,0,13,1,-115,-9,73
"<2>",921,179,"IDLE_SAFE",15.034977,100.915833,94.6516,12.2688,0,13,1,-112,-6.25,73
"<2>",921,180,"IDLE_SAFE",15.034977,100.915833,94.9694,12.2688,1,13,1,-105,0,73
"<2>",921,181,"IDLE_SAFE",15.034977,100.915833,95.2774,12.2688,0,13,1,-108,-2.75,73
"<2>",921,182,"IDLE_SAFE",15.034977,100.915833,95.0822,12.2688,0,13,1,-106,-0.75,73
"<2>",921,183,"IDLE_SAFE",15.034977,100.915833,94.7167,12.2688,0,13,1,-107,-1.5,73
"<2>",921,184,"IDLE_SAFE",15.034977,100.915833,95.0642,12.2688,0,13,1,-106,-1,73
"<2>",921,185,"IDLE_SAFE",15.034977,100.915833,94.7634,12.2688,0,13,1,-112,-6.5,73
"<2>",921,186,"IDLE_SAFE",15.034977,100.915833,95.5055,12.2688,0,13,1,-110,-3.25,73
"<2>",921,187,"IDLE_SAFE",15.034977,100.915833,95.3815,12.2688,0,13,1,-111,-4.5,73
"<2>",921,188,"IDLE_SAFE",15.034977,100.915833,95.3323,12.2688,0,13,1,-111,-4.75,73
"<2>",921,189,"IDLE_SAFE",15.034977,100.915833,95.2974,12.2688,0,13,1,-109,-3,73
"<2>",921,190,"IDLE_SAFE",15.034977,100.915833,95.6147,12.2688,0,13,1,-114,-7.75,73
"<2>",921,191,"IDLE_SAFE",15.034977,100.915833,95.6721,12.2688,0,13,1,-115,-8.5,73
"<2>",921,192,"IDLE_SAFE",15.034977,100.915833,95.7474,12.2688,0,13,1,-112,-6,73
"<2>",921,193,"IDLE_SAFE",15.034977,100.915833,95.5675,12.2688,0,13,1,-104,1,73
"<2>",921,194,"IDLE_SAFE",15.034977,100.915833,95.646,12.2688,0,13,1,-102,1.75,73
"<2>",921,195,"IDLE_SAFE",15.034977,100.915833,95.7474,12.2688,0,13,1,-116,-10.25,73
"<2>",921,196,"IDLE_SAFE",15.034977,100.915833,95.5762,12.2688,0,13,1,-114,-7.75,73
"<2>",921,198,"IDLE_SAFE",15.034977,100.915833,95.6793,12.2688,0,13,1,-107,-1.75,73
"<2>",921,199,"IDLE_SAFE",15.034977,100.915833,95.5086,12.2688,0,13,1,-104,1.25,73
"<2>",921,200,"IDLE_SAFE",15.034977,100.915833,95.5429,12.2688,0,13,1,-103,1.5,73
"<2>",921,201,"IDLE_SAFE",15.034977,100.915833,95.525,12.2688,0,13,1,-111,-6.75,73
"<2>",921,202,"IDLE_SAFE",15.034977,100.915833,95.5911,12.2688,0,13,1,-110,-4,73
"<2>",921,203,"IDLE_SAFE",15.034977,100.915833,95.2697,12.2688,0,13,1,-113,-7,73
"<2>",921,204,"IDLE_SAFE",15.034977,100.915833,95.5609,12.2688,0,13,1,-113,-7,73
"<2>",921,205,"IDLE_SAFE",15.034977,100.915833,95.3379,12.2688,0,13,1,-108,-1.5,73
"<2>",921,206,"IDLE_SAFE",15.034977,100.915833,95.4414,12.2688,0,13,1,-108,-1.75,73
"<2>",921,207,"IDLE_SAFE",15.034977,100.915833,95.2067,12.2688,0,13,1,-107,-2.25,73
"<2>",921,208,"IDLE_SAFE",15.034977,100.915833,95.1401,12.2688,0,13,1,-105,1.25,73
"<2>",921,209,"IDLE_SAFE",15.034977,100.915833,95.5347,12.2688,0,13,1,-106,0.25,73
"<2>",921,210,"IDLE_SAFE",15.034977,100.915833,95.2303,12.2688,0,13,1,-107,-0.25,73
"<2>",921,211,"IDLE_SAFE",15.034977,100.915833,95.3507,12.2688,0,13,1,-107,-0.75,73
"<2>",921,212,"IDLE_SAFE",15.034977,100.915833,95.5112,12.2688,0,13,1,-109,-1.5,73
"<2>",921,213,"IDLE_SAFE",15.034977,100.915833,95.5624,12.2688,0,13,1,-111,-4,73
"<2>",921,214,"IDLE_SAFE",15.034977,100.915833,95.6321,12.2688,0,13,1,-107,0,73
"<2>",921,215,"IDLE_SAFE",15.034977,100.915833,95.3133,12.2688,0,13,1,-107,-1.25,73
"<2>",921,216,"IDLE_SAFE",15.034977,100.915833,95.3369,12.2688,0,73,"?",-120,-12.75,73
"<2>",921,217,"IDLE_SAFE",15.034977,100.915833,95.7028,12.2688,0,13,1,-108,-1.5,73
"<2>",921,218,"IDLE_SAFE",15.034977,100.915833,95.4404,12.2688,0,13,1,-109,-2.25,73
"<2>",921,219,"IDLE_SAFE",15.034977,100.915833,95.5952,12.2688,0,13,"1",-109,-3.25,73
"<2>",921,220,"IDLE_SAFE",15.034977,100.915833,95.4717,12.2688,0,13,1,-109,-2.25,73
"<2>",921,221,"IDLE_SAFE",15.034977,100.915833,95.7008,12.2688,0,13,1,-110,-2.75,73
"<2>",921,222,"IDLE_SAFE",15.034977,100.915833,95.5598,12.2688,0,13,1,-105,0.75,73
"<2>",921,223,"IDLE_SAFE",15.034977,100.915833,95.7592,12.2688,0,13,1,-111,-4.25,73
"<2>",921,224,"IDLE_SAFE",15.034977,100.915833,95.8997,12.2688,0,13,1,-109,-2.25,73
"<2>",921,225,"IDLE_SAFE",15.034977,100.915833,95.6229,12.2688,0,13,1,-114,-7,73
"<2>",921,226,"IDLE_SAFE",15.034977,100.915833,95.568,12.2688,0,13,1,-115,-8.25,73
"<2>",921,227,"IDLE_SAFE",15.034977,100.915833,95.7013,12.2688,0,13,1,-110,-3.5,73
"<2>",921,229,"IDLE_SAFE",15.034977,100.915833,95.728,12.2688,0,13,1,-104,0.5,73
"<2>",921,230,"IDLE_SAFE",15.034977,100.915833,95.7126,12.2688,0,13,1,-104,0.25,73
"<2>",921,231,"IDLE_SAFE",15.034977,100.915833,95.9468,12.2688,0,13,1,-103,2.25,73
"<2>",921,232,"IDLE_SAFE",15.034977,100.915833,96.0873,12.2688,0,13,1,-102,2.5,73
"<2>",921,233,"IDLE_SAFE",15.034977,100.915833,95.586,12.2688,0,13,1,-101,3.25,73
"<2>",921,234,"IDLE_SAFE",15.034977,100.915833,95.7731,12.2688,0,13,1,-101,3.5,73
"<2>",921,235,"IDLE_SAFE",15.034977,100.915833,95.6321,12.2688,0,13,1,-102,1.25,73
"<2>",921,236,"IDLE_SAFE",15.034977,100.915833,95.6096,12.2688,0,13,1,-102,1,73
"<2>",921,237,"IDLE_SAFE",15.034977,100.915833,95.4563,12.2688,0,13,1,-104,0.75,73
"<2>",921,238,"IDLE_SAFE",15.034977,100.915833,95.4953,12.2688,0,13,1,-104,0.25,73
"<2>",921,239,"IDLE_SAFE",15.034977,100.915833,95.6634,12.2688,0,13,1,-105,0.5,73
"<2>",921,240,"IDLE_SAFE",15.034977,100.915833,95.6383,12.2688,0,13,1,-105,0,73
"<2>",921,242,"IDLE_SAFE",15.034977,100.915833,95.6567,12.2688,0,13,1,-107,-1.5,73
"<2>",921,243,"IDLE_SAFE",15.034977,100.915833,96.1242,12.2688,0,13,1,-105,-0.75,73
"<2>",921,244,"IDLE_SAFE",15.034977,100.915833,95.8617,12.2688,0,13,1,-107,-2,73
"<2>",921,245,"IDLE_SAFE",15.034977,100.915833,95.7382,12.2688,0,13,1,-110,-5.5,73
"<2>",921,246,"IDLE_SAFE",15.034977,100.915833,95.952,12.2688,0,13,1,-105,-1,73
"<2>",921,247,"IDLE_SAFE",15.034977,100.915833,95.7843,12.2688,0,13,1,-105,0.25,73
"<2>",921,248,"IDLE_SAFE",15.034977,100.915833,96.0058,12.2688,0,13,1,-106,-1.5,73
"<2>",921,25,"IDLE_SAFE",15.034977,100.915833,95.9535,12.2688,0,13,1,-100,4,72
"<2>",921,26,"IDLE_SAFE",15.034977,100.915833,95.872,12.2688,0,13,1,-101,3.5,72
"<2>",921,27,"IDLE_SAFE",15.034977,100.915833,95.8202,12.2688,0,13,1,-100,4,72
"<2>",921,28,"IDLE_SAFE",15.034977,100.915833,95.5727,12.2688,0,13,1,-98,4.5,72
"<2>",921,29,"IDLE_SAFE",15.034977,100.915833,95.9232,12.2688,0,13,1,-100,3.25,72
"<2>",921,30,"IDLE_SAFE",15.034977,100.915833,95.7356,12.2688,0,13,1,-100,4,72
"<2>",921,31,"IDLE_SAFE",15.034977,100.915833,95.527,12.2688,0,13,1,-99,4.25,72
"<2>",921,32,"IDLE_SAFE",15.034977,100.915833,95.5547,12.2688,0,13,1,-102,2.25,72
"<2>",921,33,"IDLE_SAFE",15.034977,100.915833,95.7987,12.2688,0,13,1,-100,4,72
"<2>",921,34,"IDLE_SAFE",15.034977,100.915833,95.8156,12.2688,0,13,1,-105,0.5,72
"<2>",921,35,"IDLE_SAFE",15.034977,100.915833,95.8156,12.2688,0,13,1,-103,2,72
"<2>",921,36,"IDLE_SAFE",15.034977,100.915833,95.8084,12.2688,0,13,1,-101,3.5,72
"<2>",921,37,"IDLE_SAFE",15.034977,100.915833,95.7736,12.2688,0,13,1,-103,1.75,72
"<2>",921,38,"IDLE_SAFE",15.034977,100.915833,95.6147,12.2688,0,13,1,-104,0.75,72
"<2>",921,39,"IDLE_SAFE",15.034977,100.915833,95.6649,12.2688,0,13,1,-100,3.5,72
"<2>",921,40,"IDLE_SAFE",15.034977,100.915833,95.6295,12.2688,0,13,1,-97,5.5,72
"<2>",921,41,"IDLE_SAFE",15.034977,100.915833,95.7608,12.2688,0,13,1,-100,3.75,72
"<2>",921,42,"IDLE_SAFE",15.034977,100.915833,95.914,12.2688,0,13,1,-105,0,72
"<2>",921,43,"IDLE_SAFE",15.034977,100.915833,95.8643,12.2688,0,13,1,-100,4,72
"<2>",921,44,"IDLE_SAFE",15.034977,100.915833,96.383,12.2688,0,13,1,-99,-1.5,72
"<2>",921,45,"IDLE_SAFE",15.034977,100.915833,96.1083,12.2688,0,13,1,-103,2.25,72
"<2>",921,46,"IDLE_SAFE",15.034977,100.915833,96.0714,12.2688,0,13,1,-105,0.5,72
"<2>",921,47,"IDLE_SAFE",15.034977,100.915833,96.526,12.2688,0,13,1,-101,3,72
"<2>",921,48,"IDLE_SAFE",15.034977,100.915833,96.1129,12.2688,1,13,1,-107,-1,72
"<2>",921,49,"IDLE_SAFE",15.034977,100.915833,96.0729,12.2688,0,13,1,-106,-1,72
"<2>",921,50,"IDLE_SAFE",15.034977,100.915833,96.0806,12.2688,0,13,1,-104,1,72
"<2>",921,51,"IDLE_SAFE",15.034977,100.915833,96.0924,12.2688,0,13,1,-103,1.5,72
"<2>",921,52,"IDLE_SAFE",15.034977,100.915833,96.1124,12.2688,0,13,1,-100,0,72
"<2>",921,53,"IDLE_SAFE",15.034977,100.915833,96.1068,12.2688,0,13,1,-101,2.75,72
"<2>",921,54,"IDLE_SAFE",15.034977,100.915833,96.1688,12.2688,0,13,1,-101,3.5,72
"<2>",921,55,"IDLE_SAFE",15.034977,100.915833,96.0006,12.2688,0,13,1,-101,3.25,72
"<2>",921,56,"IDLE_SAFE",15.034977,100.915833,96.0965,12.2688,0,13,1,-100,3.75,72
"<2>",921,57,"IDLE_SAFE",15.034977,100.915833,96.0821,12.2688,0,13,1,-102,2,72
"<2>",921,58,"IDLE_SAFE",15.034977,100.915833,96.2077,12.2688,0,13,1,-101,-6,72
"<2>",921,59,"IDLE_SAFE",15.034977,100.915833,96.2169,12.2688,0,13,1,-100,3.5,72
"<2>",921,60,"IDLE_SAFE",15.034977,100.915833,95.8838,12.2688,0,13,1,-100,4,72
"<2>",921,61,"IDLE_SAFE",15.034977,100.915833,95.9678,12.2688,0,13,1,-97,5.5,72
"<2>",921,62,"IDLE_SAFE",15.034977,100.915833,95.9678,12.2688,0,13,1,-100,3.75,72
"<2>",921,63,"IDLE_SAFE",15.034977,100.915833,95.9602,12.2688,0,13,1,-98,5,72
"<2>",921,64,"IDLE_SAFE",15.034977,100.915833,95.9576,12.2688,0,13,1,-101,3.5,72
"<2>",921,65,"IDLE_SAFE",15.034977,100.915833,96.0037,12.2688,0,13,1,-101,3.5,72
"<2>",921,66,"IDLE_SAFE",15.034977,100.915833,96.1647,12.2688,0,13,1,-101,3.5,72
"<2>",921,67,"IDLE_SAFE",15.034977,100.915833,96.4363,12.2688,0,13,1,-97,5.5,72
"<2>",921,68,"IDLE_SAFE",15.034977,100.915833,96.0678,12.2688,0,13,1,-100,4,72
"<2>",921,69,"IDLE_SAFE",15.034977,100.915833,96.0755,12.2688,0,13,1,-100,4,72
"<2>",921,70,"IDLE_SAFE",15.034977,100.915833,96.1319,12.2688,0,13,1,-100,4,72
"<2>",921,71,"IDLE_SAFE",15.034977,100.915833,96.1124,12.2688,0,13,1,-101,3.5,72
"<2>",921,72,"IDLE_SAFE",15.034977,100.915833,96.1016,12.2688,0,13,1,-98,4.5,72
"<2>",921,73,"IDLE_SAFE",15.034977,100.915833,96.0058,12.2688,0,13,1,-102,2.5,72
"<2>",921,74,"IDLE_SAFE",15.034977,100.915833,96.035,12.2688,0,13,1,-100,4,72
"<2>",921,75,"IDLE_SAFE",15.034977,100.915833,96.1882,12.2688,0,13,1,-100,3.5,72
"<2>",921,76,"IDLE_SAFE",15.034977,100.915833,96.3169,12.2688,0,13,1,-104,1,72
"<2>",921,77,"IDLE_SAFE",15.034977,100.915833,96.4256,12.2688,0,13,1,-101,3.75,72
"<2>",921,78,"IDLE_SAFE",15.034977,100.915833,96.302,12.2688,0,13,1,-101,3.75,72
"<2>",921,79,"IDLE_SAFE",15.034977,100.915833,96.0468,12.2688,0,13,1,-102,2.25,72
"<2>",921,80,"IDLE_SAFE",15.034977,100.915833,96.5117,12.2688,0,13,1,-105,0.25,72
"<2>",921,81,"IDLE_SAFE",15.034977,100.915833,95.9822,12.2688,0,13,1,-106,-0.5,72
"<2>",921,82,"IDLE_SAFE",15.034977,100.915833,96.1698,12.2688,0,13,1,-103,1.75,72
"<2>",921,83,"IDLE_SAFE",15.034977,100.915833,96.1949,12.2688,0,13,1,-101,3.25,72
"<2>",921,84,"IDLE_SAFE",15.034977,100.915833,96.1406,12.2688,0,13,1,-100,4.25,72
"<2>",921,85,"IDLE_SAFE",15.034977,100.915833,95.8807,12.2688,0,13,1,-101,2.75,72
"<2>",921,86,"IDLE_SAFE",15.034977,100.915833,96.0663,12.2688,0,13,1,-100,3.75,72
"<2>",921,87,"IDLE_SAFE",15.034977,100.915833,96.1452,12.2688,0,13,1,-100,4.25,72
"<2>",921,88,"IDLE_SAFE",15.034977,100.915833,96.1103,12.2688,0,13,1,-102,1.75,72
"<2>",921,89,"IDLE_SAFE",15.034977,100.915833,95.9694,12.2688,0,13,1,-98,4.25,72
"<2>",921,90,"IDLE_SAFE",15.034977,100.915833,96.2041,12.2688,0,13,1,-101,3.5,72
"<2>",921,91,"IDLE_SAFE",15.034977,100.915833,95.9991,12.2688,0,13,1,-98,4.5,72
"<2>",921,92,"IDLE_SAFE",15.034977,100.915833,96.2344,12.2688,0,13,1,-101,3.25,72
"<2>",921,93,"IDLE_SAFE",15.034977,100.915833,96.1021,12.2688,0,13,1,-113,-7,72
"<2>",921,94,"IDLE_SAFE",15.034977,100.915833,96.115,12.2688,0,13,1,-106,-1,72
"<2>",921,95,"IDLE_SAFE",15.034977,100.915833,96.1052,12.2688,0,13,1,-108,-2.25,72
"<2>",921,96,"IDLE_SAFE",15.034977,100.915833,96.2436,12.2688,0,13,1,-103,1.5,72
"<2>",921,97,"IDLE_SAFE",15.034977,100.915833,96.1488,12.2688,0,13,1,-108,-2.5,72
"<2>",921,98,"IDLE_SAFE",15.034977,100.915833,96.1836,12.2688,0,13,1,-105,0.25,72
"<2>",921,99,"IDLE_SAFE",15.034977,100.915833,95.9063,12.2688,0,13,1,-104,0.75,72
"<2>",921,100,"IDLE_SAFE",15.034977,100.915833,96.3,12.2688,0,13,1,-106,-1.75,73
"<2>",921,101,"IDLE_SAFE",15.034977,100.915833,96.2185,12.2688,0,13,1,-102,1.5,73
"<2>",921,102,"IDLE_SAFE",15.034977,100.915833,96.2749,12.2688,0,13,1,-106,-1.5,73
"<2>",921,103,"IDLE_SAFE",15.034977,100.915833,96.5445,12.2688,0,13,1,-105,-0.75,73
"<2>",921,104,"IDLE_SAFE",15.034977,100.915833,96.302,12.2688,0,13,1,-111,-5.25,73
"<2>",921,105,"IDLE_SAFE",15.034977,100.915833,96.4256,12.2688,0,13,1,-113,-7.25,73
"<2>",921,106,"IDLE_SAFE",15.034977,100.915833,96.1313,12.2688,0,13,1,-111,-5.25,73
"<2>",921,106,"IDLE_SAFE",15.034977,100.915833,96.1313,12.2688,0,13,1,-111,-5.25,73
"<2>",921,108,"IDLE_SAFE",15.034977,100.915833,96.1334,12.2688,0,13,1,-102,1.25,73
"<2>",921,109,"IDLE_SAFE",15.034977,100.915833,96.2646,12.2688,0,13,1,-108,-2.5,73
"<2>",921,110,"IDLE_SAFE",15.034977,100.915833,96.035,12.2688,0,13,1,-102,2.25,73
"<2>",921,111,"IDLE_SAFE",15.034977,100.915833,96.2697,12.2688,0,13,1,-105,0,73
"<2>",921,112,"IDLE_SAFE",15.034977,100.915833,96.443,12.2688,0,13,1,-110,-4.75,73
"<2>",921,113,"IDLE_SAFE",15.034977,100.915833,96.1831,12.2688,0,13,1,-107,-2,73
"<2>",921,114,"IDLE_SAFE",15.034977,100.915833,96.1062,12.2688,0,13,1,-109,-4.25,73
"<2>",921,115,"IDLE_SAFE",15.034977,100.915833,95.9678,12.2688,0,13,1,-110,-4.5,73
"<2>",921,116,"IDLE_SAFE",15.034977,100.915833,96.0765,12.2688,0,13,1,-104,0.75,73
"<2>",921,117,"IDLE_SAFE",15.034977,100.915833,95.9063,12.2688,0,13,1,-114,-8.25,73
"<2>",921,118,"IDLE_SAFE",15.034977,100.915833,96.0437,12.2688,0,13,1,-103,1.75,73
"<2>",921,119,"IDLE_SAFE",15.034977,100.915833,95.9919,12.2688,0,13,1,-105,-1.25,73
"<2>",921,120,"IDLE_SAFE",15.034977,100.915833,95.8418,12.2688,0,13,1,-103,0.75,73
"<2>",921,121,"IDLE_SAFE",15.034977,100.915833,95.8458,12.2688,0,13,1,-106,-0.75,73
"<2>",921,122,"IDLE_SAFE",15.034977,100.915833,95.9904,12.2688,0,13,1,-106,-1.5,73
"<2>",921,123,"IDLE_SAFE",15.034977,100.915833,96.1411,12.2688,0,13,1,-109,-3.5,73
"<2>",921,124,"IDLE_SAFE",15.034977,100.915833,95.9965,12.2688,0,13,1,-109,-3.5,73
"<2>",921,125,"IDLE_SAFE",15.034977,100.915833,96.0468,12.2688,0,13,1,-109,-3.5,73
"<2>",921,126,"IDLE_SAFE",15.034977,100.915833,96.0386,12.2688,0,13,1,-109,-3.5,73
"<2>",921,127,"IDLE_SAFE",15.034977,100.915833,96.1134,12.2688,0,13,1,-112,-6.25,73
"<2>",921,128,"IDLE_SAFE",15.034977,100.915833,95.851,12.2688,0,13,1,-109,-3,73
"<2>",921,129,"IDLE_SAFE",15.034977,100.915833,96.0242,12.2688,0,13,1,-108,-2.75,73
"<2>",921,130,"IDLE_SAFE",15.034977,100.915833,96.2098,12.2688,0,13,1,-108,-2.5,73
"<2>",921,131,"IDLE_SAFE",15.034977,100.915833,96.0939,12.2688,0,13,1,-108,-2.5,73
"<2>",921,132,"IDLE_SAFE",15.034977,100.915833,96.279,12.2688,0,13,1,-109,-3.5,73
"<2>",921,133,"IDLE_SAFE",15.034977,100.915833,96.3138,12.2688,0,13,1,-114,-7.75,73
"<2>",921,134,"IDLE_SAFE",15.034977,100.915833,95.9002,12.2688,0,13,1,-110,-5,73
"<2>",921,135,"IDLE_SAFE",15.034977,100.915833,96.0586,12.2688,0,13,1,-109,-4,73
"<2>",921,136,"IDLE_SAFE",15.034977,100.915833,96.2985,12.2688,0,13,1,-114,-8,73
"<2>",921,137,"IDLE_SAFE",15.034977,100.915833,96.2959,12.2688,0,13,"1",-105,-0.5,73
"<2>",921,138,"IDLE_SAFE",15.034977,100.915833,96.22,12.2688,0,13,"1",-106,-1.75,73
"<2>",921,139,"IDLE_SAFE",15.034977,100.915833,96.2867,12.2688,0,13,1,-104,0.5,73
"<2>",921,140,"IDLE_SAFE",15.034977,100.915833,95.8535,12.2688,0,13,1,-104,0.75,73
"<2>",921,141,"IDLE_SAFE",15.034977,100.915833,95.9602,12.2688,0,13,1,-109,-3,73
"<2>",921,142,"IDLE_SAFE",15.034977,100.915833,96.0483,12.2688,0,13,1,-107,-1.5,73
"<2>",921,143,"IDLE_SAFE",15.034977,100.915833,95.9448,12.2688,0,13,1,-105,0.25,73
"<2>",921,144,"IDLE_SAFE",15.034977,100.915833,96.0068,12.2688,0,13,1,-105,-0.25,73
"<2>",921,145,"IDLE_SAFE",15.034977,100.915833,96.014,12.2688,0,13,1,-106,-1.25,73
"<2>",921,146,"IDLE_SAFE",15.034977,100.915833,95.8797,12.2688,0,13,1,-106,-0.25,73
"<2>",921,147,"IDLE_SAFE",15.034977,100.915833,96.1898,12.2688,0,13,1,-105,-1,73
"<2>",921,148,"IDLE_SAFE",15.034977,100.915833,95.8458,12.2688,0,13,1,-110,-4.25,73
"<2>",921,149,"IDLE_SAFE",15.034977,100.915833,96.1601,12.2688,0,13,1,-109,-3.25,73
"<2>",921,150,"IDLE_SAFE",15.034977,100.915833,96.014,12.2688,0,13,1,-107,-1.25,73
"<2>",921,151,"IDLE_SAFE",15.034977,100.915833,96.6029,12.2688,0,13,1,-107,-1.75,73
"<2>",921,152,"IDLE_SAFE",15.034977,100.915833,96.0314,12.2688,0,13,1,-106,-0.5,73
"<2>",921,153,"IDLE_SAFE",15.034977,100.915833,96.1554,12.2688,0,13,1,-105,-0.5,73
"<2>",921,155,"IDLE_SAFE",15.034977,100.915833,96.0068,12.2688,0,13,1,-108,-3,73
"<2>",921,156,"IDLE_SAFE",15.034977,100.915833,95.8653,12.2688,0,13,1,-110,-4.5,73
"<2>",921,157,"IDLE_SAFE",15.034977,100.915833,95.9074,12.2688,0,13,1,-109,-3.75,73
"<2>",921,158,"IDLE_SAFE",15.034977,100.915833,96.2241,12.2688,0,13,1,-110,-4,73
"<2>",921,159,"IDLE_SAFE",15.034977,100.915833,96.0975,12.2688,0,13,1,-109,-3.5,73
"<2>",921,160,"IDLE_SAFE",15.034977,100.915833,96.0386,12.2688,0,13,"1",-107,-2.5,73
"<2>",921,161,"IDLE_SAFE",15.034977,100.915833,96.1057,12.2688,0,13,1,-106,-0.5,73
"<2>",921,162,"IDLE_SAFE",15.034977,100.915833,95.9325,12.2688,0,13,1,-107,-1.75,73
"<2>",921,163,"IDLE_SAFE",15.034977,100.915833,95.871,12.2688,0,13,1,-106,-1.25,73
"<2>",921,164,"IDLE_SAFE",15.034977,100.915833,96.1806,12.2688,0,13,1,-105,0,73
"<2>",921,165,"IDLE_SAFE",15.034977,100.915833,95.9202,12.2688,0,13,1,-104,0.75,73
"<2>",921,166,"IDLE_SAFE",15.034977,100.915833,95.9914,12.2688,0,13,1,-107,-2,73
"<2>",921,167,"IDLE_SAFE",15.034977,100.915833,95.9125,12.2688,0,13,1,-104,-0.25,73
"<2>",921,168,"IDLE_SAFE",15.034977,100.915833,96.1898,12.2688,0,13,1,-105,-0.5,73
"<2>",921,169,"IDLE_SAFE",15.034977,100.915833,95.9914,12.2688,0,13,1,-103,0.75,73
"<2>",921,170,"IDLE_SAFE",15.034977,100.915833,96.0985,12.2688,0,13,1,-101,2,73
"<2>",921,172,"IDLE_SAFE",15.034977,100.915833,96.2072,12.2688,0,13,1,-106,-1.25,73
"<2>",921,174,"IDLE_SAFE",15.034977,100.915833,96.5517,12.2688,0,13,1,-107,-2,73
"<2>",921,175,"IDLE_SAFE",15.034977,100.915833,96.4671,12.2688,0,13,1,-104,1.25,73
"<2>",921,176,"IDLE_SAFE",15.034977,100.915833,95.8535,12.2688,0,13,1,-107,-1.5,73
"<2>",921,177,"IDLE_SAFE",15.034977,100.915833,96.1108,12.2688,0,13,"1",-106,-1.25,73
"<2>",921,178,"IDLE_SAFE",15.034977,100.915833,96.1929,12.2688,0,13,1,-107,-2.5,73
"<2>",921,179,"IDLE_SAFE",15.034977,100.915833,95.9991,12.2688,0,13,1,-107,-2.5,73
"<2>",921,180,"IDLE_SAFE",15.034977,100.915833,96.0616,12.2688,0,13,1,-107,-1.75,73
"<2>",921,181,"IDLE_SAFE",15.034977,100.915833,96.1385,12.2688,0,13,1,-106,-1.5,73
"<2>",921,182,"IDLE_SAFE",15.034977,100.915833,96.2,12.2688,0,13,1,-106,-1.25,73
"<2>",921,183,"IDLE_SAFE",15.034977,100.915833,96.2026,12.2688,0,13,1,-113,-7.25,73
"<2>",921,184,"IDLE_SAFE",15.034977,100.915833,96.4574,12.2688,0,13,1,-103,0.75,73
"<2>",921,185,"IDLE_SAFE",15.034977,100.915833,96.0493,12.2688,0,13,1,-104,0,73
"<2>",921,186,"IDLE_SAFE",15.034977,100.915833,96.1437,12.2688,0,13,1,-106,-1,73
"<2>",921,187,"IDLE_SAFE",15.034977,100.915833,96.2749,12.2688,0,13,1,-104,1,73
"<2>",921,188,"IDLE_SAFE",15.034977,100.915833,96.1688,12.2688,0,13,1,-104,-0.25,73
"<2>",921,189,"IDLE_SAFE",15.034977,100.915833,96.3856,12.2688,0,13,1,-106,-1.5,73
"<2>",921,190,"IDLE_SAFE",15.034977,100.915833,96.0124,12.2688,0,13,1,-102,1.25,73
"<2>",921,191,"IDLE_SAFE",15.034977,100.915833,96.2077,12.2688,0,13,1,-103,0,73
"<2>",921,192,"IDLE_SAFE",15.034977,100.915833,96.2815,12.2688,0,13,1,-105,-0.5,73
"<2>",921,193,"IDLE_SAFE",15.034977,100.915833,96.3856,12.2688,0,13,1,-107,-2,73
"<2>",921,194,"IDLE_SAFE",15.034977,100.915833,96.0022,12.2688,1,13,1,-106,-1.75,73
"<2>",921,195,"IDLE_SAFE",15.034977,100.915833,96.0294,12.2688,0,13,1,-104,0.5,73
"<2>",921,196,"IDLE_SAFE",15.034977,100.915833,96.0868,12.2688,0,13,1,-104,0.75,73
"<2>",921,199,"IDLE_SAFE",15.034977,100.915833,96.3338,12.2688,0,13,1,-111,-5,73
"<2>",921,200,"IDLE_SAFE",15.034977,100.915833,96.584,12.2688,0,13,1,-105,-0.75,73
"<2>",921,201,"IDLE_SAFE",15.034977,100.915833,96.0914,12.2688,0,14,1,-111,-5.25,73
"<2>",921,202,"IDLE_SAFE",15.034977,100.915833,96.2943,12.2688,0,14,1,-106,-1,73
"<2>",921,203,"IDLE_SAFE",15.034977,100.915833,96.1462,12.2688,0,14,"1",-106,-1.25,73
"<2>",921,204,"IDLE_SAFE",15.034977,100.915833,96.1734,12.2688,0,14,1,-105,0,73
"<2>",921,205,"IDLE_SAFE",15.034977,100.915833,95.8515,12.2688,0,14,1,-103,1,73
"<2>",921,206,"IDLE_SAFE",15.034977,100.915833,96.3118,12.2688,0,14,1,-106,-0.5,73
"<2>",921,207,"IDLE_SAFE",15.034977,100.915833,95.7997,12.2688,0,"=4",1,-106,-0.75,73
"<2>",921,210,"ARMED",15.034977,100.915833,96.0201,12.2688,0,15,1,-100,4.5,69
"<2>",921,211,"ARMED",15.034977,100.915833,95.994,12.2688,0,15,1,-98,4.75,69
"<2>",921,212,"ARMED",15.034977,100.915833,96.0294,12.2688,0,15,1,-97,6,69
"<2>",921,213,"ARMED",15.034977,100.915833,96.0304,12.2688,0,15,1,-94,6.25,69
"<2>",921,214,"ARMED",15.034977,100.915833,96.0211,12.2688,0,15,1,-98,5.5,69
"<2>",921,215,"ARMED",15.034977,100.915833,95.994,12.2688,0,15,1,-100,4.5,69
"<2>",921,216,"ARMED",15.034977,100.915833,95.9038,12.2688,0,15,1,-101,3.75,69
"<2>",921,217,"ARMED",15.034977,100.915833,95.7059,12.2688,0,15,1,-100,4.5,69
"<2>",921,218,"ARMED",15.034977,100.915833,95.6147,12.2688,0,15,1,-99,5,69
"<2>",921,220,"PAD_PREOP",15.034977,100.915833,95.7028,12.2688,0,16,1,-102,1.75,73
"<2>",921,221,"PAD_PREOP",15.034977,100.915833,95.6767,12.2688,0,16,1,-93,6.75,73
"<2>",921,222,"PAD_PREOP",15.034977,100.915833,95.8023,12.2688,0,16,1,-102,2,73
"<2>",921,223,"PAD_PREOP",15.034977,100.915833,95.7726,12.2688,0,16,1,-95,4.25,73
"<2>",921,224,"PAD_PREOP",15.034977,100.915833,95.7895,12.2688,0,16,1,-95,6.25,73
"<2>",921,225,"PAD_PREOP",15.034977,100.915833,95.789,12.2688,0,16,1,-102,2.5,73
"<2>",921,226,"PAD_PREOP",15.034977,100.915833,95.9248,12.2688,0,16,1,-101,3.5,73
"<2>",921,227,"PAD_PREOP",15.034977,100.915833,95.9299,12.2688,0,16,1,-99,3.5,73
"<2>",921,228,"PAD_PREOP",15.034977,100.915833,96.2933,12.2688,0,16,1,-101,3.5,73
"<2>",921,229,"PAD_PREOP",15.034977,100.915833,96.0924,12.2688,0,16,1,-102,2,73
"<2>",921,230,"PAD_PREOP",15.034977,100.915833,95.9043,12.2688,0,16,1,-102,3.25,73
"<2>",921,231,"PAD_PREOP",15.034977,100.915833,95.8525,12.2688,0,16,1,-100,3.75,73
"<2>",921,232,"PAD_PREOP",15.034977,100.915833,95.708,12.2688,0,16,1,-99,4.25,73
"<2>",921,233,"PAD_PREOP",15.034977,100.915833,96.0919,12.2688,0,16,1,-99,4.5,73
"<2>",921,234,"PAD_PREOP",15.034977,100.915833,95.9427,12.2688,0,16,1,-98,4.25,73
"<2>",921,235,"PAD_PREOP",15.034977,100.915833,95.9755,12.2688,0,16,1,-99,3.5,73
"<2>",921,236,"PAD_PREOP",15.034977,100.915833,95.7234,12.2688,0,16,1,-99,2.75,73
"<2>",921,236,"PAD_PREOP",15.034977,100.915833,95.7234,12.2688,0,16,1,-99,2.75,73
"<2>",921,236,"PAD_PREOP",15.034977,100.915833,95.7234,12.2688,0,16,1,-99,2.75,73
"<2>",921,237,"POWERED",15.034977,100.915833,107.6779,12.2688,0,16,1,-107,-1.25,72
"<2>",921,238,"COASTING",15.034977,100.915833,941.2812,12.2688,0,16,1,-104,2,73
"<2>",921,239,"COASTING",15.034977,100.915833,1049.7802,48.0575,0,16,1,-97,6.5,74
"<2>",921,240,"COASTING",15.034977,100.915833,1129.0223,124.1543,0,16,1,-103,2.25,75
"<2>",921,241,"COASTING",15.034977,100.915833,1171.3182,169.5956,0,16,1,-104,1.75,75
"<2>",921,242,"COASTING",15.034977,100.915833,1183.1586,182.0571,0,16,1,-111,-4.5,75
"<2>",921,243,"DROG_DESC",15.034977,100.915833,1167.1652,182.0571,0,16,"1",-113,-6.5,76
"<2>",921,243,"DROG_DESC",15.034977,100.915833,1167.1652,182.0571,0,16,"1",-113,-6.5,76
"<2>",921,245,"MAIN_DEPL",15.034977,100.915833,1101.3618,226.157,0,16,1,-110,-3,76
"<2>",921,246,"MAIN_DESC",15.034977,100.915833,1081.8795,226.157,0,16,1,-106,0.25,76
"<2>",921,247,"MAIN_DESC",15.034977,100.915833,1064.0553,226.157,0,16,1,-113,-6.5,76
"<2>",921,247,"MAIN_DESC",15.034977,100.915833,1064.0553,226.157,0,16,1,-113,-6.5,76
"<2>",921,249,"LANDED",15.034977,100.915833,1028.075,226.157,0,16,1,-106,0.5,73
"<2>",921,250,"LANDED",15.034977,100.915833,1010.8131,226.157,0,16,1,-110,-4,73
"<2>",921,251,"LANDED",15.034977,100.915833,993.1767,226.157,0,16,1,-99,4.75,72
"<2>",921,252,"LANDED",15.034977,100.915833,975.4943,226.157,0,16,1,-98,5.25,72
"<2>",921,253,"LANDED",15.034977,100.915833,956.5974,226.157,0,16,1,-110,-3.75,72
"<2>",921,255,"LANDED",15.034977,100.915833,921.9106,226.157,0,16,1,-97,6,72
"<2>",921,0,"LANDED",15.034977,100.915833,905.1126,226.157,0,16,1,-117,-10.5,70
"<2>",921,1,"LANDED",15.034977,100.915833,887.6376,226.157,0,16,1,-108,-1,70
"<2>",921,2,"LANDED",15.034977,100.915833,869.5233,226.157,0,16,1,-104,1.75,70
"<2>",921,2,"LANDED",15.034977,100.915833,869.5233,226.157,0,16,1,-104,1.75,70
"<2>",921,4,"LANDED",15.034977,100.915833,835.313,226.157,0,16,1,-114,-7,70
"<2>",921,5,"LANDED",15.034977,100.915833,817.9717,226.157,0,16,1,-112,-5.25,70
"<2>",921,6,"LANDED",15.034977,100.915833,"801.1ï¿½ï¿½<",";26.1570",0,16,1,-114,-6.5,70
"<2>",921,7,"LANDED",15.034977,100.915833,782.3604,226.157,0,16,1,-105,1,70
"<2>",921,8,"LANDED",15.034977,100.915833,765.1075,226.157,0,16,1,-105,0.5,70
"<2>",921,9,"LANDED",15.034977,100.915833,747.329,226.157,0,16,1,-109,-2.25,70
"<2>",921,10,"LANDED",15.034977,100.915833,729.6429,226.157,0,16,1,-103,1.25,71
"<2>",921,11,"LANDED",15.034977,100.915833,"711.169ï¿½",526.157,0,16,1,-110,-3,71
"<2>",921,12,"LANDED",15.034977,100.915833,690.9998,226.157,0,16,1,-97,5,71
"<2>",921,13,"LANDED",15.034977,100.915833,672.9379,226.157,0,16,1,-103,1.5,71
"<2>",921,14,"LANDED",15.034977,100.915833,654.7032,226.157,0,16,1,-106,-0.5,71
"<2>",921,15,"LANDED",15.034977,100.915833,637.1285,226.157,0,16,1,-112,-5.5,71
"<2>",921,16,"LANDED",15.034977,100.915833,619.2549,226.157,0,16,1,-101,3.75,71
"<2>",921,17,"LANDED",15.034977,100.915833,601.4221,226.157,0,16,1,-113,-5.5,71
"<2>",921,18,"LANDED",15.034977,100.915833,583.5493,226.157,0,16,1,-114,-7.75,71
"<2>",921,19,"LANDED",15.034977,100.915833,563.9123,226.157,0,16,1,-111,-4.5,71
"<2>",921,20,"LANDED",15.034977,100.915833,546.5992,226.157,0,16,1,-97,5.5,71
"<2>",921,21,"LANDED",15.034977,100.915833,528.5536,226.157,0,16,1,-103,2.25,71
"<2>",921,22,"LANDED",15.034977,100.915833,511.182,226.157,0,16,1,-96,5,71
"<2>",921,23,"LANDED",15.034977,100.915833,492.5687,226.157,0,16,1,-99,4.5,71
"<2>",921,24,"LANDED",15.034977,100.915833,474.3708,226.157,0,16,1,-105,1,71
"<2>",921,25,"LANDED",15.034977,100.915833,456.5171,226.157,0,16,1,-106,-0.75,71
"<2>",921,26,"LANDED",15.034977,100.915833,437.6892,226.157,0,16,1,-102,2.5,71
"<2>",921,27,"LANDED",15.034977,100.915833,420.4435,226.157,0,16,1,-97,5,71
"<2>",921,28,"LANDED",15.034977,100.915833,402.3381,226.157,0,16,1,-97,5.25,71
"<2>",921,29,"LANDED",15.034977,100.915833,384.5816,226.157,0,16,1,-102,2.5,71
"<2>",921,30,"LANDED",15.034977,100.915833,366.1064,226.157,0,16,1,-98,4,71
"<2>",921,31,"LANDED",15.034977,100.915833,347.3082,226.157,0,16,1,-99,4.25,71
"<2>",921,32,"LANDED",15.034977,100.915833,329.6261,226.157,0,16,1,-99,3.75,71
"<2>",921,33,"LANDED",15.034977,100.915833,310.9972,226.157,0,16,1,-96,5.75,71
"<2>",921,34,"LANDED",15.034977,100.915833,293.6383,226.157,0,16,1,-99,4,71
"<2>",921,35,"LANDED",15.034977,100.915833,276.407,226.157,0,16,1,-94,5.5,71
"<2>",921,36,"LANDED",15.034977,100.915833,258.0277,226.157,0,16,1,-103,2,71
"<2>",921,37,"LANDED",15.034977,100.915833,240.1721,226.157,0,16,1,-88,7,71
"<2>",921,38,"LANDED",15.034977,100.915833,224.2111,226.157,0,16,1,-106,-0.5,71
"<2>",921,39,"LANDED",15.034977,100.915833,206.984,226.157,0,16,1,-86,5.5,71
"<2>",921,40,"LANDED",15.037167,100.917963,189.8973,226.157,0,16,1,-95,5.75,71
"<2>",921,41,"LANDED",15.037167,100.917963,173.0137,226.157,0,16,1,-89,7.25,71
"<2>",921,42,"LANDED",15.037167,100.917963,157.645,226.157,0,16,1,-97,4.5,71
"<2>",921,43,"LANDED",15.037454,100.918011,142.192,226.157,0,16,1,-92,6.5,71
"<2>",921,44,"LANDED",15.037454,100.918011,127.1866,226.157,0,16,1,-90,5,71
"<2>",921,45,"LANDED",15.037454,100.918011,111.4143,226.157,0,16,1,-91,7,71
"<2>",921,48,"LANDED",15.037454,100.918011,92.8007,226.157,0,16,1,-122,-15.25,70
"<2>",921,48,"LANDED",15.037454,100.918011,92.8007,226.157,0,16,1,-122,-15.25,70
"<2>",921,48,"LANDED",15.037454,100.918011,92.8007,226.157,0,16,1,-122,-15.25,70
"<2>",921,48,"LANDED",15.037454,100.918011,92.8007,226.157,0,16,1,-122,-15.25,70
"<2>",921,48,"LANDED",15.037454,100.918011,92.8007,226.157,0,16,1,-122,-15.25,70
"<2>",921,48,"LANDED",15.037454,100.918011,92.8007,226.157,0,16,1,-122,-15.25,70
"<2>",921,48,"LANDED",15.037454,100.918011,92.8007,226.157,0,16,1,-122,-15.25,70
"<2>",921,48,"LANDED",15.037454,100.918011,92.8007,226.157,0,16,1,-122,-15.25,70
"<2>",921,48,"LANDED",15.037454,100.918011,92.8007,226.157,0,16,1,-122,-15.25,70
"<2>",921,48,"LANDED",15.037454,100.918011,92.8007,226.157,0,16,1,-122,-15.25,70
"<2>",921,48,"LANDED",15.037454,100.918011,92.8007,226.157,0,16,1,-122,-15.25,70
"<2>",921,48,"LANDED",15.037454,100.918011,92.8007,226.157,0,16,1,-122,-15.25,70
"<2>",921,48,"LANDED",15.037454,100.918011,92.8007,226.157,0,16,1,-122,-15.25,70
"<2>",921,48,"LANDED",15.037454,100.918011,92.8007,226.157,0,16,1,-122,-15.25,70
"<2>",921,48,"LANDED",15.037454,100.918011,92.8007,226.157,0,16,1,-122,-15.25,70
"<2>",921,48,"LANDED",15.037454,100.918011,92.8007,226.157,0,16,1,-122,-15.25,70
"<2>",921,48,"LANDED",15.037454,100.918011,92.8007,226.157,0,16,1,-122,-15.25,70
"<2>",921,48,"LANDED",15.037454,100.918011,92.8007,226.157,0,16,1,-122,-15.25,70
"<2>",921,48,"LANDED",15.037454,100.918011,92.8007,226.157,0,16,1,-122,-15.25,70
"<2>",921,68,"LANDED",15.037826,100.917981,93.001,226.157,0,16,1,-122,-15.25,70
"<2>",921,69,"LANDED",15.037826,100.917981,93.0502,226.157,0,16,1,-115,-7.75,70
"<2>",921,70,"LANDED",15.037826,100.917981,93.0184,226.157,0,16,1,-116,-9,70
"<2>",921,71,"LANDED",15.037826,100.917981,93.1768,226.157,0,16,1,-116,-9.25,70
"<2>",921,72,"LANDED",15.037826,100.917981,93.0891,226.157,0,16,1,-117,-10.25,70
"<2>",921,73,"LANDED",15.037826,100.917981,92.7433,226.157,0,16,1,-119,-12,70
"<2>",921,73,"LANDED",15.037826,100.917981,92.7433,226.157,0,16,1,-119,-12,70
"<2>",921,75,"LANDED",15.037826,100.917981,92.8468,226.157,0,16,1,-115,-8.5,70
"<2>",921,76,"LANDED",15.037826,100.917981,92.9088,226.157,0,16,1,-114,-7,70
"<2>",921,77,"LANDED",15.037826,100.917981,93.2777,226.157,0,16,1,-115,-7.75,70
"<2>",921,78,"LANDED",15.037826,100.917981,93.2454,226.157,0,16,1,-116,-9.5,70
"<2>",921,79,"LANDED",15.037826,100.917981,93.3766,226.157,0,16,1,-116,-9,70
"<2>",921,80,"LANDED",15.037826,100.917981,93.2998,226.157,0,16,1,-116,-9,70
"<2>",921,81,"LANDED",15.037826,100.917981,93.2111,226.157,0,16,1,-117,-10.25,70
"<2>",921,82,"LANDED",15.037826,100.917981,93.2649,226.157,0,16,1,-117,-9.75,70
"<2>",921,83,"LANDED",15.037826,100.917981,93.3126,226.157,0,16,1,-117,-9.75,70
"<2>",921,84,"LANDED",15.037826,100.917981,93.3864,226.157,0,16,1,-117,-9.5,70
"<2>",921,85,"LANDED",15.037826,100.917981,93.4853,226.157,0,16,1,-117,-10.5,70
"<2>",921,86,"LANDED",15.037826,100.917981,93.2034,226.157,0,16,1,-116,-9.75,70
"<2>",921,88,"LANDED",15.037826,100.917981,93.5575,226.157,0,16,1,-119,-11.75,70
"<2>",921,89,"LANDED",15.037826,100.917981,93.4781,226.157,0,16,1,-119,-12.25,70
"<2>",921,91,"LANDED",15.037826,100.917981,93.2357,226.157,0,16,1,-119,-12.25,70
"<2>",921,92,"LANDED",15.037826,100.917981,93.5329,226.157,0,16,1,-120,-12.75,70
"<2>",921,93,"LANDED",15.037826,100.917981,93.4581,226.157,0,16,1,-120,-12.75,70
"<2>",921,94,"LANDED",15.037826,100.917981,93.2731,226.157,0,16,1,-118,-11,70
"<2>",921,95,"LANDED",15.037826,100.917981,93.3095,226.157,0,16,1,-116,-9.25,70
"<2>",921,96,"LANDED",15.037826,100.917981,93.2634,226.157,0,16,1,-116,-9,70
"<2>",921,97,"LANDED",15.037826,100.917981,93.3397,226.157,0,16,1,-118,-11.5,70
"<2>",921,98,"LANDED",15.037826,100.917981,93.2757,226.157,0,16,1,-120,-13,70
"<2>",921,99,"LANDED",15.037826,100.917981,93.2757,226.157,0,16,1,-120,-13,70
"<2>",921,100,"LANDED",15.037826,100.917981,93.3469,226.157,0,16,1,-119,-12.25,71
"<2>",921,101,"LANDED",15.037826,100.917981,93.4017,226.157,0,16,1,-118,-11.75,71
"<2>",921,102,"LANDED",15.037826,100.917981,93.1168,226.157,0,16,1,-120,-13,71
"<2>",921,103,"LANDED",15.037826,100.917981,93.372,226.157,0,16,1,-119,-12.25,71
"<2>",921,105,"LANDED",15.037826,100.917981,93.2577,226.1574,0,16,1,-121,-14,71
"<2>",921,106,"LANDED",15.037826,100.917981,93.4489,226.157,0,16,1,-121,-14,71
"<2>",921,107,"LANDED",15.037826,100.917981,93.3095,226.157,0,16,1,-119,-12.5,71
"<2>",921,108,"LANDED",15.037826,100.917981,93.4735,226.157,0,16,1,-117,-10.5,71
"<2>",921,108,"LANDED",15.037826,100.917981,93.4735,226.157,0,16,1,-117,-10.5,71
"<2>",921,110,"LANDED",15.037826,100.917981,93.3151,226.157,0,16,1,-118,-11.5,71
"<2>",921,111,"LANDED",15.037826,100.917981,93.4883,"226.157ï¿½","`.00",16,1,-120,-13.25,71
"<2>",921,112,"LANDED",15.037826,100.917981,93.2613,226.157,0,16,1,-116,-9.75,71
"<2>",921,113,"LANDED",15.037826,100.917981,93.4986,226.157,0,16,1,-119,-12.25,71
"<2>",921,114,"LANDED",15.037826,100.917981,93.2705,226.157,1,16,1,-117,-10.25,71
"<2>",921,115,"LANDED",15.037826,100.917981,93.29,226.157,0,16,1,-118,-11.25,71
"<2>",921,116,"LANDED",15.037826,100.917981,93.2634,226.157,0,16,1,-118,-10.75,71
"<2>",921,117,"LANDED",15.037826,100.917981,93.2285,226.157,0,16,1,-117,-9.75,71
"<2>",921,118,"LANDED",15.037826,100.917981,93.3254,226.157,0,16,1,-116,-9.25,71
"<2>",921,119,"LANDED",15.037826,100.917981,93.3869,226.157,0,16,1,-118,-11,71
"<2>",921,120,"LANDED",15.037826,100.917981,93.5801,226.157,0,16,1,-117,-10.25,71
"<2>",921,121,"LANDED",15.037826,100.917981,93.6969,226.157,0,16,1,-117,-10.25,71
"<2>",921,122,"LANDED",15.037826,100.917981,93.6021,226.157,0,16,1,-116,-8.5,71
"<2>",921,123,"LANDED",15.037826,100.917981,93.4935,226.157,0,16,1,-118,-10.75,71
"<2>",921,124,"LANDED",15.037826,100.917981,93.3228,226.157,0,16,1,-116,-9.25,71
"<2>",921,125,"LANDED",15.037826,100.917981,93.4663,226.157,0,16,1,-117,-10,71
"<2>",921,126,"LANDED",15.037826,100.917981,93.0881,226.157,0,16,1,-115,-8.75,71
"<2>",921,127,"LANDED",15.037826,100.917981,93.0579,226.157,0,16,1,-118,-10.75,71
"<2>",921,128,"LANDED",15.037826,100.917981,93.2757,226.157,0,16,1,-116,-9,71
"<2>",921,129,"LANDED",15.037826,100.917981,93.2905,226.157,0,16,1,-116,-9.25,71
"<2>",921,130,"LANDED",15.037826,100.917981,93.6467,226.157,0,16,1,-116,-9,71
"<2>",921,131,"LANDED",15.037826,100.917981,93.3454,226.157,0,16,1,-117,-10,71
"<2>",921,132,"LANDED",15.037826,100.917981,93.538,226.157,0,16,1,-116,-9.75,71
"<2>",921,133,"LANDED",15.037826,100.917981,93.1773,226.157,0,16,1,-115,-8.5,71
"<2>",921,134,"LANDED",15.037826,100.917981,93.3326,226.157,0,16,1,-116,-9.25,71
"<2>",921,135,"LANDED",15.037826,100.917981,93.4765,226.157,1,16,1,-118,-10.5,71
"<2>",921,136,"LANDED",15.037826,100.917981,93.6226,226.157,0,16,1,-116,-9.5,71
"<2>",921,137,"LANDED",15.037826,100.917981,93.496,226.157,0,16,1,-116,-8.5,71
"<2>",921,138,"LANDED",15.037826,100.917981,93.3479,226.157,"`.00",16,1,-118,-12,71
"<2>",921,139,"LANDED",15.037826,100.917981,93.4289,226.157,0,16,1,-116,-8.75,71
"<2>",921,140,"LANDED",15.037826,100.917981,93.6769,226.157,0,16,1,-116,-8.5,71
"<2>",921,141,"LANDED",15.037826,100.917981,93.6154,226.157,0,16,1,-117,-9.25,71
"<2>",921,142,"LANDED",15.037826,100.917981,93.3407,226.157,0,16,1,-120,-13.25,71
"<2>",921,143,"LANDED",15.037826,100.917981,93.5011,226.157,0,16,1,-118,-12,71
"<2>",921,144,"LANDED",15.037826,100.917981,93.3679,226.157,0,16,1,-119,-12.25,71
"<2>",921,145,"LANDED",15.037826,100.917981,93.5191,226.157,0,16,1,-119,-11.5,71
"<2>",921,146,"LANDED",15.037826,100.917981,93.2244,226.157,0,16,1,-117,-10,71
"<2>",921,147,"LANDED",15.037826,100.917981,93.5929,226.157,0,16,1,-118,-10.5,71
"<2>",921,148,"LANDED",15.037826,100.917981,93.5611,226.157,0,16,1,-119,-12.25,71
"<2>",921,149,"LANDED",15.037826,100.917981,93.7517,226.157,0,16,1,-119,-12.5,71
"<2>",921,150,"LANDED",15.037826,100.917981,93.5263,226.157,0,"ï¿½6",1,-120,-13,71
"<2>",921,151,"LANDED",15.037826,100.917981,93.5145,226.157,0,16,1,-117,-10.5,71
"<2>",921,152,"LANDED",15.037826,100.917981,93.5539,226.157,0,16,1,-118,-11.5,71
"<2>",921,153,"LANDED",15.037826,100.917981,93.517,226.157,0,16,1,-118,-11.5,71
"<2>",921,154,"LANDED",15.037826,100.917981,93.782,"226.157<",0,16,1,-120,-13.75,71
"<2>",921,154,"LANDED",15.037826,100.917981,93.782,"226.157<",0,16,1,-120,-13.75,71
"<2>",921,156,"LANDED",15.037826,100.917981,93.6385,226.157,"`00","1F","a}}",-123,-15.5,71
"<2>",921,157,"LANDED",15.037826,100.917981,93.5616,226.157,0,16,1,-116,-9,71
"<2>",921,158,"LANDED",15.037826,100.917981,93.7205,226.157,0,16,1,-116,-9.5,71
"<2>",921,159,"LANDED",15.037826,100.917981,93.8937,226.157,0,16,1,-117,-10.5,71
"<2>",921,160,"LANDED",15.037826,100.917981,93.4853,226.157,0,16,1,-116,-9,71
"<2>",921,161,"LANDED",15.037826,100.917981,93.7927,226.157,0,16,1,-115,-8.5,71
"<2>",921,162,"LANDED",15.037826,100.917981,93.4017,226.157,0,16,1,-115,-8,71
"<2>",921,163,"LANDED",15.037826,100.917981,93.5616,226.157,0,16,1,-114,-7.5,71
"<2>",921,164,"LANDED",15.037826,100.917981,93.3618,226.157,0,16,1,-115,-8.5,71
"<2>",921,165,"LANDED",15.037826,100.917981,93.3884,226.157,0,16,1,-116,-9,71
"<2>",921,166,"LANDED",15.037826,100.917981,93.6687,226.157,0,16,1,-116,-8.75,71
"<2>",921,167,"LANDED",15.037826,100.917981,93.5221,226.157,0,16,1,-116,-9,71
"<2>",921,168,"LANDED",15.037826,100.917981,93.5078,226.157,0,16,1,-117,-10,71
"<2>",921,169,"LANDED",15.037826,100.917981,93.6246,226.157,0,16,1,-118,-11,71
"<2>",921,170,"LANDED",15.037826,100.917981,93.7476,226.157,0,16,1,-118,-11,71
"<2>",921,171,"LANDED",15.037826,100.917981,93.6272,226.157,0,16,1,-118,-11.5,71
"<2>",921,172,"LANDED",15.037826,100.917981,93.7558,226.157,0,16,1,-116,-9.75,71
"<2>",921,173,"LANDED",15.037826,100.917981,93.7804,226.157,0,16,1,-115,-8,71
"<2>",921,174,"LANDED",15.037826,100.917981,93.6441,226.157,0,16,1,-115,-8,71
"<2>",921,175,"LANDED",15.037826,100.917981,93.6841,226.157,0,16,1,-115,-8.25,71
"<2>",921,176,"LANDED",15.037826,100.917981,93.7932,226.157,0,16,1,-116,-9.5,71
"<2>",921,177,"LANDED",15.037826,100.917981,93.6246,226.157,0,16,1,-117,-10,71
"<2>",921,94,"LANDED",15.03765,100.917765,95.2692,226.157,0,16,1,-112,-4.75,70
"<2>",921,95,"LANDED",15.03765,100.917765,95.2436,226.157,0,16,1,-108,-1.5,70
"<2>",921,96,"LANDED",15.03765,100.917765,95.4502,226.157,0,16,1,-111,-4.25,70
"<2>",921,96,"LANDED",15.03765,100.917765,95.4502,226.157,0,16,1,-111,-4.25,70
"<2>",921,98,"LANDED",15.037432,100.91759,95.0027,226.157,0,16,1,-108,-1.5,70
"<2>",921,99,"LANDED",15.037432,100.91759,95.077,226.157,0,16,1,-107,-1,70
"<2>","92ï¿½.ï¿½0",100,"LANDED",15.037432,100.91759,95.2093,226.157,0,16,1,-109,-2,71
"<2>",921,101,"LANDED",15.037432,100.91759,95.4179,226.157,0,16,1,-107,-0.5,71
"<2>",921,102,"LANDED",15.037432,100.91759,95.3138,226.157,0,16,1,-110,-3,71
"<2>",921,103,"LANDED",15.037432,100.91759,95.384,226.157,0,16,1,-110,-3.25,71
"<2>",921,104,"LANDED",15.037432,100.91759,95.0535,226.157,0,16,1,-107,-1,71
"<2>",921,105,"LANDED",15.037432,100.91759,95.1596,226.157,0,16,1,-116,-9,71
"<2>",921,108,"LANDED",15.037432,100.91759,94.9679,226.157,0,16,1,-113,-6.5,71
"<2>",921,109,"LANDED",15.037432,100.91759,95.199,226.157,0,16,1,-107,-1.25,71
"<2>",921,112,"LANDED",15.037432,100.91759,95.0299,226.157,0,16,1,-112,-5,71
"<2>",921,113,"LANDED",15.037432,100.91759,95.4917,226.157,0,16,1,-107,-0.5,71
"<2>",921,114,"LANDED",15.037432,100.91759,95.9191,226.157,0,16,1,-109,-2.5,71
"<2>",921,115,"LANDED",15.037432,100.91759,95.5399,226.157,0,16,1,-115,-8.25,71
"<2>",921,116,"LANDED",15.037432,100.91759,95.8038,226.157,0,16,1,-110,-3.75,71
"<2>",921,117,"LANDED",15.037432,100.91759,96.095,226.157,0,16,1,-116,-9.5,71
"<2>",921,118,"LANDED",15.037432,100.91759,95.8981,226.157,0,16,1,-106,-0.25,71
"<2>",921,119,"LANDED",15.037432,100.91759,96.0729,226.157,0,16,1,-108,-2.25,71
"<2>",921,120,"LANDED",15.037265,100.917418,96.0888,226.157,0,16,1,-106,-0.75,71
"<2>",921,121,"LANDED",15.037265,100.917418,95.6982,226.157,0,16,1,-115,-7.75,71
"<2>",921,122,"LANDED",15.037265,100.917418,95.8156,226.157,0,16,1,-107,-0.75,71
"<2>",921,123,"LANDED",15.037265,100.917418,96.1437,226.157,0,16,1,-106,0,71
"<2>",921,124,"LANDED",15.037265,100.917418,96.1944,226.157,0,16,1,-105,1.25,71
"<2>",921,125,"LANDED",15.037265,100.917418,96.0022,226.157,0,16,1,-108,-1.5,71
"<2>",921,127,"LANDED",15.037265,100.917418,96.1513,226.157,0,16,1,-109,-1.75,71
"<2>",921,128,"LANDED",15.037265,100.917418,96.1488,226.157,0,16,1,-105,0.75,71
"<2>",921,129,"LANDED",15.037265,100.917418,95.7592,226.157,0,16,1,-103,2,71
"<2>",921,130,"LANDED",15.037265,100.917418,95.7398,226.157,0,16,1,-106,0.5,71
"<2>",921,131,"LANDED",15.037265,100.917418,95.9771,226.157,0,16,1,-117,-9.75,71
"<2>",921,132,"LANDED",15.037265,100.917418,95.4707,226.157,0,16,1,-100,3.75,71
"<2>",921,133,"LANDED",15.037265,100.917418,95.9063,226.157,0,16,1,-102,2.75,71
"<2>",921,134,"LANDED",15.037265,100.917418,96.0914,226.157,0,16,1,-105,0.75,71
"<2>",921,135,"LANDED",15.037265,100.917418,95.9099,226.157,0,16,1,-103,2,71
"<2>",921,136,"LANDED",15.037265,100.917418,96.0888,226.157,0,16,1,-110,-3,71
"<2>",921,137,"LANDED",15.037265,100.917418,96.3717,226.157,0,16,1,-107,-1,71
"<2>",921,138,"LANDED",15.037265,100.917418,96.4717,226.157,0,16,1,-110,-3.5,71
"<2>",921,139,"LANDED",15.037265,100.917418,96.4594,226.157,0,16,1,-111,-4.25,71
"<2>",921,140,"LANDED",15.037265,100.917418,96.3512,226.157,0,16,1,-116,-9.25,71
"<2>",921,140,"LANDED",15.037265,100.917418,96.3512,226.157,0,16,1,-116,-9.25,71
"<2>",921,142,"LANDED",15.037265,100.917418,96.5824,226.157,0,16,1,-115,-8.25,71
"<2>",921,143,"LANDED",15.037265,100.917418,96.3287,226.157,0,16,1,-115,-8.25,71
"<2>",921,144,"LANDED",15.037265,100.917418,95.8325,226.157,0,16,"ï¿½`",-122,-15.25,71
"<2>",921,145,"LANDED",15.037265,100.917418,95.9796,226.157,0,16,1,-109,-3,71
"<2>",921,146,"LANDED",15.037265,100.917418,96.139,226.157,0,16,1,-109,-2,71
"<2>",921,147,"LANDED",15.037265,100.917418,96.0365,226.157,0,16,1,-111,-4,71
"<2>",921,148,"LANDED",15.037265,100.917418,96.3923,226.157,0,16,1,-105,1,71
"<2>",921,149,"LANDED",15.037265,100.917418,96.1944,226.157,0,16,1,-110,-3.25,71
"<2>",921,150,"LANDED",15.037265,100.917418,95.8935,226.157,0,16,1,-107,-1.25,71
"<2>",921,151,"LANDED",15.037265,100.917418,96.0427,226.157,0,16,1,-107,-1,71
"<2>",921,152,"LANDED",15.037265,100.917418,95.7951,226.157,0,16,1,-108,-1.75,71
"<2>",921,153,"LANDED",15.037265,100.917418,95.8079,226.157,0,16,1,-104,1.75,71
"<2>",921,154,"LANDED",15.037265,100.917418,96.0683,226.157,0,16,1,-106,-1,71
"<2>",921,155,"LANDED",15.037265,100.917418,95.9873,226.157,0,16,1,-102,2.25,71
"<2>",921,156,"LANDED",15.037265,100.917418,96.0637,226.157,0,16,1,-98,4.25,71
"<2>",921,157,"LANDED",15.037265,100.917418,95.8781,226.157,0,16,1,-101,3.5,71
"<2>",921,158,"LANDED",15.037265,100.917418,95.993,226.157,0,16,1,-100,4.25,71
"<2>",921,159,"LANDED",15.037265,100.917418,95.6777,226.157,0,16,1,-101,3.75,71
"<2>",921,160,"LANDED",15.037265,100.917418,95.7249,226.157,0,16,1,-99,4.5,71
"<2>",921,161,"LANDED",15.037265,100.917418,96.0991,226.157,0,16,1,-101,2.75,71
"<2>",921,162,"LANDED",15.037265,100.917418,96.1826,226.157,0,16,1,-103,2.25,71
"<2>",921,163,"LANDED",15.037265,100.917418,95.9284,226.157,0,16,1,-103,2.25,71
"<2>",921,164,"LANDED",15.037265,100.917418,95.7777,226.157,0,16,1,-102,2.5,71
"<2>",921,165,"LANDED",15.037265,100.917418,95.7854,226.157,0,16,1,-101,3.25,71
"<2>",921,166,"LANDED",15.037265,100.917418,95.8904,226.157,0,16,1,-103,1.75,71
"<2>",921,167,"LANDED",15.037265,100.917418,95.8305,226.157,0,16,1,-105,1,71
"<2>",921,168,"LANDED",15.037265,100.917418,96.2185,226.157,0,16,1,-111,-4.25,71
"<2>",921,169,"LANDED",15.037265,100.917418,96.2262,226.157,0,16,1,-106,-0.5,71
"<2>",921,170,"LANDED",15.037265,100.917418,96.1395,226.157,0,16,1,-103,2,71
"<2>",921,171,"LANDED",15.037265,100.917418,96.2241,226.157,0,16,1,-99,4.5,71
"<2>",921,172,"LANDED",15.037265,100.917418,96.1349,226.157,0,16,1,-99,4,71
"<2>",921,173,"LANDED",15.037265,100.917418,96.1006,226.157,0,16,1,-101,3,71
"<2>",921,174,"LANDED",15.037265,100.917418,95.9602,226.157,0,16,1,-100,4.5,71
"<2>",921,175,"LANDED",15.037265,100.917418,96.1083,226.157,0,16,1,-100,4,71
"<2>",921,176,"LANDED",15.037265,100.917418,95.9299,226.157,0,16,1,-100,4,71
"<2>",921,177,"LANDED",15.037265,100.917418,96.1185,226.157,0,16,1,-98,4.5,71
"<2>",921,178,"LANDED",15.037265,100.917418,95.9658,226.157,0,16,1,-98,4.75,71
"<2>",921,179,"LANDED",15.037265,100.917418,95.9981,226.157,0,16,1,-102,2,71
"<2>",921,180,"LANDED",15.037265,100.917418,95.952,226.157,0,16,1,-105,0.75,71
"<2>",921,181,"LANDED",15.037265,100.917418,96.2159,226.157,0,16,1,-102,3,71
"<2>",921,182,"LANDED",15.037265,100.917418,96.1032,226.157,0,16,1,-102,2.5,71
"<2>",921,183,"LANDED",15.037265,100.917418,96.1667,226.157,0,16,1,-101,3.5,71
"<2>",921,184,"LANDED",15.037265,100.917418,95.872,226.157,0,16,1,-104,2.25,71
"<2>",921,185,"LANDED",15.037265,100.917418,96.0724,226.157,0,16,1,-102,2.5,71
"<2>",921,186,"LANDED",15.037265,100.917418,96.1544,226.157,0,16,1,-100,4,71
"<2>",921,187,"LANDED",15.037265,100.917418,96.0888,226.157,0,16,1,-101,3.5,71
"<2>",921,188,"LANDED",15.037265,100.917418,95.975,226.157,0,16,1,-101,3.75,71
"<2>",921,189,"LANDED",15.037265,100.917418,96.014,226.157,0,16,1,-101,3.25,71
"<2>",921,190,"LANDED",15.037265,100.917418,95.9771,226.157,0,16,1,-104,1.25,71
"<2>",921,191,"LANDED",15.037265,100.917418,96.2216,226.157,0,16,1,-102,2.5,71
"<2>",921,192,"LANDED",15.037265,100.917418,96.3051,226.157,0,16,1,-103,2.5,71
"<2>",921,193,"LANDED",15.037265,100.917418,96.2134,226.157,0,16,1,-108,-1.75,71
"<2>",921,194,"LANDED",15.037265,100.917418,96.1544,226.157,0,16,1,-108,-1.25,71
"<2>",921,195,"LANDED",15.037265,100.917418,96.1718,226.157,0,16,1,-107,-1.5,71
"<2>",921,196,"LANDED",15.037265,100.917418,96.0058,226.157,0,16,1,-109,-2.25,71
"<2>",921,197,"LANDED",15.037265,100.917418,95.7777,226.157,0,16,1,-111,-5,71
"<2>",921,198,"LANDED",15.037265,100.917418,96.1631,226.157,0,16,1,-111,-4.75,71
"<2>",921,199,"LANDED",15.037265,100.917418,96.0458,226.157,0,16,1,-109,-2.25,71
"<2>",921,201,"LANDED",15.037265,100.917418,96.0458,226.157,0,16,1,-108,-1.5,71
"<2>",921,202,"LANDED",15.037265,100.917418,96.2205,226.157,0,16,1,-109,-2.75,71
"<2>",921,204,"LANDED",15.037265,100.917418,96.2421,226.157,0,16,1,-100,3.5,71
"<2>",921,205,"LANDED",15.037265,100.917418,96.3666,226.157,0,16,1,-107,-0.5,71
"<2>",921,206,"LANDED",15.037265,100.917418,95.9873,226.157,0,16,1,-113,-6.25,71
"<2>",921,207,"LANDED",15.037265,100.917418,96.3753,226.157,0,16,1,-118,-11.25,71
"<2>",921,210,"LANDED",15.037265,100.917418,96.5558,226.157,0,16,1,-114,-7.25,71
"<2>",921,211,"LANDED",15.037265,100.917418,96.6342,226.157,0,16,1,-110,-3,71
"<2>",921,212,"LANDED",15.037199,100.917363,96.3958,226.157,0,16,1,-113,-6.25,71
"<2>",921,214,"LANDED",15.037199,100.917363,96.6855,226.157,0,16,1,-110,-3.5,71
"<2>",921,215,"LANDED",15.037199,100.917363,96.383,226.157,0,16,1,-110,-3.5,71
"<2>",921,216,"LANDED",15.037199,100.917363,96.4558,226.157,0,16,1,-108,-1.75,71
"<2>",921,217,"LANDED",15.037199,100.917363,96.5727,226.157,0,16,1,-106,0,71
"<2>",921,218,"LANDED",15.037199,100.917363,96.8885,226.157,0,16,1,-107,-1.5,71
"<2>",921,219,"LANDED",15.037199,100.917363,97.3083,226.157,0,16,1,-100,3.75,71
"<2>",921,220,"LANDED",15.037199,100.917363,97.4872,226.157,0,16,1,-114,-8,71
"<2>",921,221,"LANDED",15.037199,100.917363,96.5389,226.157,0,16,1,-107,-0.5,71
"<2>",921,222,"LANDED",15.037199,100.917363,96.5404,"""""%.1570",0,16,1,-118,-11,71
"<2>",921,224,"LANDED",15.037199,100.917363,97.1012,226.157,0,16,1,-110,-3,71
"<2>",921,225,"LANDED",15.037199,100.917363,96.7552,226.157,0,16,1,-112,-6,71
"<2>",921,226,"LANDED",15.037199,100.917363,97.0966,226.157,0,16,1,-116,-10.25,71
"<2>",921,228,"LANDED",15.037199,100.917363,96.8403,226.157,0,16,1,-116,-9.25,71
"<2>",921,229,"LANDED",15.037199,100.917363,96.8669,226.157,0,16,1,-113,-5.75,71
"<2>",921,230,"LANDED",15.037199,100.917363,96.9664,226.157,0,16,1,-111,-4.5,71
"<2>",921,231,"LANDED",15.037199,100.917363,96.9023,226.157,0,16,1,-111,-5,71
"<2>",921,232,"LANDED",15.037199,100.917363,96.8105,226.157,0,16,1,-114,-7.25,71
"<2>",921,233,"LANDED",15.037199,100.917363,96.9874,226.157,0,16,1,-112,-5.25,71
"<2>",921,234,"LANDED",15.037199,100.917363,97.0622,226.157,0,16,1,-116,-9,71
"<2>",921,236,"LANDED",15.037199,100.917363,96.831,226.157,0,16,1,-113,-5.75,71
"<2>",921,236,"LANDED",15.037199,100.917363,96.831,226.157,0,16,1,-113,-5.75,71
"<2>",921,238,"LANDED",15.037199,100.917363,96.8905,226.157,0,16,1,-112,-5,71
"<2>",921,239,"LANDED",15.037199,100.917363,96.7716,226.157,0,16,1,-112,-4.75,71
"<2>",921,240,"LANDED",15.037199,100.917363,96.9161,226.157,0,16,1,-116,-8.5,71
"<2>",921,241,"LANDED",15.037199,100.917363,96.8838,226.157,0,16,1,-116,-9.75,71
"<2>",921,242,"LANDED",15.037199,100.917363,96.9715,226.157,0,16,1,-120,-13.5,71
"<2>",921,245,"LANDED",15.037199,100.917363,97.2842,226.157,0,16,1,-122,-14.5,71
"<2>",921,248,"LANDED",15.037199,100.917363,97.9019,226.157,0,16,1,-114,-6.5,71
"<2>",921,249,"LANDED",15.037199,100.917363,97.7999,226.157,0,16,1,-111,-4.75,71
"<2>",921,250,"LANDED",15.037199,100.917363,97.8404,226.157,0,16,1,-112,-6,71
"<2>",921,251,"LANDED",15.037199,100.917363,98.3485,226.157,0,16,1,-113,-6.25,71
"<2>",921,252,"LANDED",15.037199,100.917363,98.3541,226.157,0,16,1,-115,-8.5,71
"<2>",921,254,"LANDED",15.037199,100.917363,98.4244,226.157,0,16,1,-110,-3,71
"<2>",921,255,"LANDED",15.037199,100.917363,98.229,226.157,0,16,1,-110,-3,71
"<2>",921,0,"LANDED",15.037199,100.917363,98.6423,226.157,0,16,1,-110,-3.75,69
"<2>",921,1,"LANDED",15.037199,100.917363,99.2493,226.157,0,16,1,-109,-2.75,69
"<2>",921,2,"LANDED",15.037199,100.917363,98.9509,226.157,0,16,1,-108,-2,69
"<2>",921,3,"LANDED",15.037199,100.917363,99.4267,226.157,0,16,1,-111,-4.25,69
"<2>",921,4,"LANDED",15.037199,100.917363,99.5518,226.157,0,16,1,-111,-4.25,69
"<2>",921,5,"LANDED",15.037199,100.917363,99.5247,226.157,0,16,1,-103,2,69
"<2>",921,6,"LANDED",15.037199,100.917363,99.9277,226.157,0,16,1,-104,2,69
"<2>",921,7,"LANDED",15.037199,100.917363,99.9067,226.157,0,16,1,-110,-3.5,69
"<2>",921,8,"LANDED",15.037199,100.917363,100.2943,226.157,0,16,1,-110,-3.5,70
"<2>",921,9,"LANDED",15.037199,100.917363,100.3789,226.157,0,16,1,-122,-15.5,70
"<2>",921,10,"LANDED",15.037199,100.917363,100.3302,226.157,0,16,1,-112,-4.75,71
"<2>",921,11,"LANDED",15.037199,100.917363,100.6292,226.157,"-3",16,1,-120,-13,71
"<2>",921,11,"LANDED",15.037199,100.917363,100.6292,226.157,"-3",16,1,-120,-13,71
"<2>",921,13,"LANDED",15.037199,100.917363,101.382,226.157,0,16,1,-115,-8.25,71
"<2>",921,16,"LANDED",15.037199,100.917363,101.7076,226.157,0,16,1,-117,-10,71
"<2>",921,17,"LANDED",15.03807,100.912937,102.4918,"22&.1570",0,16,1,-117,-11,71
"<2>",921,17,"LANDED",15.03807,100.912937,102.4918,"22&.1570",0,16,1,-117,-11,71
"<2>",921,17,"LANDED",15.03807,100.912937,102.4918,"22&.1570",0,16,1,-117,-11,71
"<2>",921,20,"LANDED",15.037648,100.912774,103.8552,226.157,0,16,1,-112,-5.25,71
"<2>",921,21,"LANDED",15.037648,100.912774,103.8957,226.157,0,16,"!",-121,-14.75,71
"<2>",921,22,"LANDED",15.037648,100.912774,104.6062,226.157,0,16,1,-110,-3.5,71
"<2>",921,23,"LANDED",15.037648,100.912774,104.0686,226.157,0,16,1,-107,-0.25,71
"<2>",921,24,"LANDED",15.037648,100.912774,103.8808,226.157,0,16,1,-102,3,71
"<2>",921,25,"LANDED",15.037648,100.912774,104.5636,226.157,0,16,1,-99,4.25,71
"<2>",921,26,"LANDED",15.037648,100.912774,104.7211,226.157,0,16,1,-97,4.75,71
"<2>",921,27,"LANDED",15.037648,100.912774,105.1228,226.157,0,16,1,-87,6,71
"<2>",921,28,"LANDED",15.037648,100.912774,104.896,226.157,0,16,1,-83,5,71
"<2>",921,29,"LANDED",15.037648,100.912774,105.5045,226.157,0,16,1,-88,6,71
"<2>",921,30,"LANDED",15.037648,100.912774,105.1992,226.157,0,16,1,-71,5.25,71
"<2>",921,31,"LANDED",15.037648,100.912774,105.131,226.157,0,16,1,-64,7.25,71
"<2>",921,32,"LANDED",15.037648,100.912774,105.1884,226.157,0,16,1,-62,7.75,71
"<2>",921,33,"LANDED",15.037648,100.912774,105.3044,226.157,0,16,1,-76,7,71
"<2>",921,34,"LANDED",15.037648,100.912774,105.4485,226.157,0,16,1,-71,6.25,71
"<2>",921,35,"LANDED",15.037648,100.912774,105.684,226.157,0,16,1,-63,7.25,71
"<2>",921,36,"LANDED",15.037648,100.912774,104.9771,226.157,0,16,1,-60,6.75,71
"<2>",921,37,"LANDED",15.037648,100.912774,104.9406,226.157,0,16,1,-68,6.75,71
"<2>",921,38,"LANDED",15.037648,100.912774,105.3198,226.157,0,16,1,-74,6.25,71
"<2>",921,39,"LANDED",15.037648,100.912774,105.3074,226.157,0,16,1,-60,6.75,71
"<2>",921,40,"LANDED",15.037648,100.912774,105.2859,226.157,0,16,1,-66,7.25,71
"<2>",921,41,"LANDED",15.037648,100.912774,105.2797,226.157,0,16,1,-63,7.25,71
"<2>",921,42,"LANDED",15.037648,100.912774,105.5768,226.157,0,16,1,-55,6,71
"<2>",921,43,"LANDED",15.037648,100.912774,105.9847,226.157,0,16,1,-54,6.75,71
"<2>",921,44,"LANDED",15.037648,100.912774,105.7256,226.157,0,16,1,-66,6.75,71
"<2>",921,45,"LANDED",15.037648,100.912774,105.4378,226.157,0,16,1,-61,6.75,71
"<2>",921,46,"LANDED",15.037648,100.912774,105.5871,226.157,0,16,1,-61,6.25,71
"<2>",921,47,"LANDED",15.037648,100.912774,106.1063,226.157,0,16,1,-63,6,71
"<2>",921,48,"LANDED",15.037648,100.912774,104.9042,226.157,0,16,1,-64,7,71
"<2>",921,49,"LANDED",15.037648,100.912774,104.9468,226.157,0,16,1,-68,5.5,71
"<2>",921,50,"LANDED",15.037648,100.912774,104.8293,226.157,0,16,1,-47,6.75,71
"<2>",921,51,"LANDED",15.037648,100.912774,105.2033,226.157,0,16,1,-55,5.75,71
"<2>",921,52,"LANDED",15.035566,100.911989,104.934,226.157,0,16,1,-51,7.25,71
"<2>",921,53,"LANDED",15.035566,100.911989,104.7165,226.157,0,16,1,-56,7,71
"<2>",921,54,"LANDED",15.035566,100.911989,104.836,226.157,0,16,1,-43,8,71
"<2>",921,55,"LANDED",15.035566,100.911989,105.0853,226.157,0,16,1,-42,6.25,71
"<2>",921,56,"LANDED",15.035566,100.911989,105.2269,226.157,0,16,1,-49,7,71
"<2>",921,57,"LANDED",15.035566,100.911989,105.1966,226.157,0,16,1,-54,6.75,71
"<2>",921,58,"LANDED",15.035566,100.911989,105.6271,226.157,0,16,1,-55,7,71
"<2>",921,59,"LANDED",15.035566,100.911989,105.5363,226.157,0,16,1,-54,6.5,71
"<2>",921,60,"LANDED",15.035566,100.911989,105.8282,226.157,0,16,1,-53,7.75,71
"<2>",921,61,"LANDED",15.035566,100.911989,105.4973,226.157,0,16,1,-63,6.75,71
"<2>",921,62,"LANDED",15.035566,100.911989,105.6558,226.157,0,16,1,-67,5.5,71
"<2>",921,63,"LANDED",15.035566,100.911989,105.4742,226.157,0,16,1,-59,7.25,71
"<2>",921,64,"LANDED",15.035566,100.911989,105.8718,226.157,0,16,1,-66,7.25,71
"<2>",921,65,"LANDED",15.035566,100.911989,105.5552,226.157,0,16,1,-68,7.25,71
"<2>",921,66,"LANDED",15.035566,100.911989,105.6537,226.157,0,16,1,-65,6.75,71
"<2>",921,67,"LANDED",15.035566,100.911989,105.702,226.157,0,16,1,-69,7.5,71
"<2>",921,68,"LANDED",15.035566,100.911989,105.8708,226.157,0,16,1,-75,6.75,71
"<2>",921,69,"LANDED",15.035566,100.911989,105.8795,226.157,0,16,1,-75,6.75,71
"<2>",921,70,"LANDED",15.035566,100.911989,105.8518,226.157,0,16,1,-69,7.75,71
"<2>",921,71,"LANDED",15.035566,100.911989,106.0739,226.157,0,16,1,-84,8,71
"<2>",921,72,"LANDED",15.035566,100.911989,106.0909,226.157,0,16,1,-65,6.75,71
"<2>",921,73,"LANDED",15.035566,100.911989,105.8154,226.157,0,16,1,-71,6.25,71
"<2>",921,74,"LANDED",15.035566,100.911989,105.8154,226.157,0,16,1,-70,7.25,71
"<2>",921,75,"LANDED",15.035566,100.911989,105.5891,226.157,0,16,1,-70,6.75,71
"<2>",921,76,"LANDED",15.035566,100.911989,105.485,226.157,0,16,1,-68,6.5,71
"<2>",921,77,"LANDED",15.035566,100.911989,105.5445,226.157,0,16,1,-79,6.5,71
"<2>",921,78,"LANDED",15.035566,100.911989,105.5419,226.157,0,16,1,-73,7.25,71
"<2>",921,79,"LANDED",15.035566,100.911989,105.6127,226.157,0,16,1,-75,6.75,71
"<2>",921,80,"LANDED",15.035566,100.911989,105.5209,226.157,0,16,1,-72,6.5,71
"<2>",921,81,"LANDED",15.035566,100.911989,105.5635,226.157,0,16,1,-75,7.25,71
"<2>",921,82,"LANDED",15.035566,100.911989,105.6537,226.157,0,16,1,-72,7,71
"<2>",921,83,"LANDED",15.035566,100.911989,105.7297,226.157,0,16,1,-64,6.5,71
"<2>",921,84,"LANDED",15.035566,100.911989,105.4526,226.157,0,16,1,-65,6.75,71
"<2>",921,85,"LANDED",15.035566,100.911989,105.5599,226.157,0,16,1,-64,6.75,71
"<2>",921,86,"LANDED",15.035566,100.911989,105.4357,226.157,0,16,1,-66,6.25,71
"<2>",921,87,"LANDED",15.035566,100.911989,105.3141,226.157,0,16,1,-69,6.5,71
"<2>",921,88,"LANDED",15.035566,100.911989,105.3074,226.157,0,16,1,-69,6.5,71
"<2>",921,89,"LANDED",15.035566,100.911989,105.5937,226.157,0,16,1,-70,7.5,71
"<2>",921,90,"LANDED",15.035566,100.911989,105.3018,226.157,0,16,1,-69,7.75,71
"<2>",921,91,"LANDED",15.035566,100.911989,105.5106,226.157,0,16,1,-71,5.25,71
"<2>",921,92,"LANDED",15.035566,100.911989,105.4762,226.157,0,16,1,-68,6,71
"<2>",921,93,"LANDED",15.035566,100.911989,105.37,226.157,0,16,1,-66,6.75,71
"<2>",921,94,"LANDED",15.035566,100.911989,105.6091,226.157,0,16,1,-67,7.5,71
"<2>",921,95,"LANDED",15.035566,100.911989,105.2351,226.157,0,16,1,-66,5.5,71
"<2>",921,96,"LANDED",15.035566,100.911989,105.2331,226.157,0,16,1,-66,7.75,71
"<2>",921,97,"LANDED",15.035566,100.911989,105.5578,226.157,0,16,1,-69,6.75,71
"<2>",921,98,"LANDED",15.035566,100.911989,105.5024,226.157,0,16,1,-70,7.25,71
"<2>",921,99,"LANDED",15.035566,100.911989,105.5599,226.157,0,16,1,-65,7.25,71
"<2>",921,100,"LANDED",15.035566,100.911989,105.5106,226.157,0,16,1,-66,7.75,72
"<2>",921,101,"LANDED",15.035566,100.911989,105.4639,226.157,0,16,1,-75,8.5,72
"<2>",921,102,"LANDED",15.035566,100.911989,105.4762,226.157,0,16,1,-68,7.5,72
"<2>",921,103,"LANDED",15.035566,100.911989,105.7415,226.157,0,16,1,-74,7.75,72
"<2>",921,104,"LANDED",15.035566,100.911989,105.5604,226.157,0,16,1,-68,7.75,72
"<2>",921,105,"LANDED",15.035566,100.911989,105.6902,226.157,0,16,1,-77,7.5,72
"<2>",921,106,"LANDED",15.035566,100.911989,105.4639,226.157,0,16,1,-69,7.75,72
"<2>",921,107,"LANDED",15.035566,100.911989,105.7179,226.157,0,16,1,-71,8,72
"<2>",921,108,"LANDED",15.035566,100.911989,105.5491,226.157,0,16,1,-67,7.25,72
"<2>",921,109,"LANDED",15.035566,100.911989,105.6984,226.157,0,16,1,-63,8,72
"<2>",921,110,"LANDED",15.035566,100.911989,105.605,226.157,0,16,1,-67,7.5,72
"<2>",921,111,"LANDED",15.035566,100.911989,105.2572,226.157,0,16,1,-66,8.25,72
"<2>",921,112,"LANDED",15.035566,100.911989,105.7605,226.157,0,16,1,-71,8,72
"<2>",921,113,"LANDED",15.035566,100.911989,105.5942,226.157,0,16,1,-67,8.25,72
"<2>",921,114,"LANDED",15.035566,100.911989,105.6666,226.157,0,16,1,-67,8.25,72
"<2>",921,115,"LANDED",15.035566,100.911989,105.6599,226.157,0,16,1,-73,8,72
"<2>",921,116,"LANDED",15.035566,100.911989,105.5722,226.157,0,16,1,-69,8,72
"<2>",921,117,"LANDED",15.035566,100.911989,105.6281,226.157,0,16,1,-71,7.75,72
"<2>",921,118,"LANDED",15.035566,100.911989,105.626,226.157,0,16,1,-71,7.75,72
"<2>",921,119,"LANDED",15.035566,100.911989,105.5645,226.157,0,16,1,-70,8.75,72
"<2>",921,120,"LANDED",15.035566,100.911989,105.8461,226.157,0,16,1,-68,7.75,72
"<2>",921,121,"LANDED",15.035566,100.911989,105.7266,226.157,0,16,1,-64,8,72
"<2>",921,122,"LANDED",15.035566,100.911989,106.0062,226.157,0,16,1,-64,7.75,72
"<2>",921,123,"LANDED",15.035566,100.911989,105.8231,226.157,0,16,1,-64,7.5,72
"<2>",921,124,"LANDED",15.035541,100.911939,105.899,226.157,0,16,1,-79,8,72
"<2>",921,125,"LANDED",15.035541,100.911939,105.7245,226.157,0,16,1,-65,8,72
"<2>",921,126,"LANDED",15.035541,100.911939,105.8395,226.157,0,16,1,-68,8,72
"<2>",921,127,"LANDED",15.035541,100.911939,105.7625,226.157,0,16,1,-69,8.5,72
"<2>",921,128,"LANDED",15.035541,100.911939,105.7646,226.157,0,16,1,-69,7.75,72
"<2>",921,129,"LANDED",15.035541,100.911939,105.6091,226.157,0,16,1,-71,8,72
"<2>",921,130,"LANDED",15.035541,100.911939,105.8497,226.157,0,16,1,-69,8.25,72
"<2>",921,131,"LANDED",15.035541,100.911939,106.0108,226.157,0,16,1,-71,8,72
"<2>",921,132,"LANDED",15.035541,100.911939,105.919,226.157,0,16,1,-68,7.5,72
"<2>",921,133,"LANDED",15.035541,100.911939,106.0108,226.157,0,16,1,-66,8.75,72
"<2>",921,134,"LANDED",15.035541,100.911939,105.9082,226.157,0,16,1,-67,7.75,72
"<2>",921,135,"LANDED",15.035541,100.911939,105.8231,226.157,0,16,1,-68,8,72
"<2>",921,136,"LANDED",15.035541,100.911939,105.8036,226.157,0,16,1,-79,8,72
"<2>",921,137,"LANDED",15.035541,100.911939,105.6825,226.157,0,16,1,-71,8.25,72
"<2>",921,138,"LANDED",15.035541,100.911939,105.9385,226.157,0,16,1,-66,8,72
"<2>",921,140,"LANDED",15.035541,100.911939,105.9467,226.157,0,16,1,-73,8,72
"<2>",921,141,"LANDED",15.035541,100.911939,105.9616,226.157,0,16,1,-70,8.25,72
"<2>",921,143,"LANDED",15.035541,100.911939,105.84,226.157,0,16,1,-69,8,72
"<2>",921,146,"LANDED",15.035541,100.911939,106.1447,226.157,0,16,1,-70,8.25,72
"<2>",921,147,"LANDED",15.035541,100.911939,106.1288,226.157,0,16,1,-68,8,72
"<2>",921,148,"LANDED",15.035541,100.911939,106.135,226.157,0,16,1,-71,7.5,72
"<2>",921,150,"LANDED",15.035541,100.911939,105.9641,226.157,0,16,1,-72,7.75,72
"<2>",921,152,"REC_SAFE",15.035541,100.911939,106.0991,226.157,0,17,1,-68,7.75,74
"<2>",921,153,"REC_SAFE",15.035541,100.911939,105.9282,226.157,0,17,1,-68,7,74
"<2>",921,154,"REC_SAFE",15.035541,100.911939,105.9241,226.157,0,17,1,-80,6.75,74
"<2>",921,155,"REC_SAFE",15.035541,100.911939,105.9329,226.157,0,17,1,-65,8,74
"<2>",921,156,"REC_SAFE",15.035541,100.911939,105.9713,226.157,0,17,1,-57,7.75,74
"<2>",921,157,"REC_SAFE",15.035541,100.911939,105.9375,226.157,0,17,1,-58,8,74
"<2>",921,158,"REC_SAFE",15.035541,100.911939,106.0293,226.157,0,17,1,-77,7.75,74
"<2>",921,159,"REC_SAFE",15.035541,100.911939,106.2217,226.157,0,17,1,-75,8,74
"<2>",921,160,"REC_SAFE",15.035541,100.911939,106.3233,226.157,0,17,1,-62,7.75,74
"<2>",921,161,"REC_SAFE",15.035541,100.911939,106.057,226.157,0,17,1,-58,7.75,74
"<2>",921,162,"REC_SAFE",15.035541,100.911939,106.0868,226.157,0,17,1,-59,7.75,74
"<2>",921,163,"REC_SAFE",15.035541,100.911939,106.1488,226.157,0,17,1,-56,8.25,74
"<2>",921,164,"REC_SAFE",15.035541,100.911939,106.1914,226.157,0,17,1,-56,7.75,74
"<2>",921,165,"REC_SAFE",15.035541,100.911939,106.057,226.157,0,17,1,-56,7.5,74
"<2>",921,166,"REC_SAFE",15.035541,100.911939,106.1509,226.157,0,17,1,-62,7.75,74
"<2>",921,167,"REC_SAFE",15.035541,100.911939,106.3982,226.157,0,17,1,-82,7.5,74
"<2>",921,168,"REC_SAFE",15.035541,100.911939,106.1165,226.157,0,17,1,-69,8,74
"<2>",921,169,"REC_SAFE",15.035541,100.911939,106.1422,226.157,0,17,1,-63,7.75,74
"<2>",921,170,"REC_SAFE",15.035541,100.911939,106.2474,226.157,0,17,1,-63,7.75,74
"<2>",921,171,"REC_SAFE",15.035541,100.911939,106.0842,226.157,0,17,1,-66,8,74
"<2>",921,172,"REC_SAFE",15.035541,100.911939,106.2643,226.157,0,17,1,-67,7,74
"<2>",921,173,"REC_SAFE",15.035541,100.911939,106.1914,226.157,0,17,1,-64,8.25,74
"<2>",921,174,"REC_SAFE",15.035541,100.911939,106.2474,226.157,0,17,1,-65,7.75,74
"<2>",921,175,"REC_SAFE",15.035541,100.911939,106.3643,226.157,0,17,1,-67,8.5,74
"<2>",921,176,"REC_SAFE",15.035541,100.911939,106.0462,226.157,0,17,1,-75,8.25,74
"<2>",921,177,"REC_SAFE",15.035541,100.911939,106.2084,226.157,0,17,1,-74,7.25,74
"<2>",921,178,"REC_SAFE",15.035541,100.911939,106.0832,226.157,0,17,1,-77,8.25,74
"<2>",921,179,"REC_SAFE",15.035541,100.911939,106.3182,226.157,0,17,1,-79,7.25,74
"<2>",921,180,"REC_SAFE",15.035541,100.911939,106.3602,226.157,0,17,1,-68,7.5,74
"<2>",921,181,"REC_SAFE",15.035541,100.911939,106.2027,226.157,0,17,1,-65,7.75,74
"<2>",921,182,"REC_SAFE",15.035541,100.911939,106.2946,226.157,0,17,1,-62,7.25,74
"<2>",921,183,"REC_SAFE",15.035541,100.911939,106.5193,226.157,0,17,1,-61,8.5,74
"<2>",921,184,"REC_SAFE",15.035541,100.911939,106.2407,226.157,0,17,1,-62,8,74
"<2>",921,185,"REC_SAFE",15.035541,100.911939,106.2289,226.157,0,17,1,-57,8,74
"<2>",921,186,"REC_SAFE",15.035541,100.911939,106.3654,226.157,0,17,1,-70,7.25,74
"<2>",921,187,"REC_SAFE",15.035541,100.911939,106.2735,226.157,0,17,1,-54,7.75,74
"<2>",921,188,"REC_SAFE",15.035541,100.911939,106.252,226.157,0,17,1,-58,8,74
"<2>",921,189,"REC_SAFE",15.035541,100.911939,106.4613,226.157,0,17,1,-53,8,74
"<2>",921,190,"REC_SAFE",15.035541,100.911939,106.213,226.157,0,17,1,-63,7.75,74
"<2>",921,191,"REC_SAFE",15.035541,100.911939,106.5598,226.157,0,17,1,-58,7.25,74
"<2>",921,192,"REC_SAFE",15.035535,100.911841,106.4557,226.157,0,17,1,-57,7.25,74
"<2>",921,193,"REC_SAFE",15.035535,100.911841,106.3274,226.157,0,17,1,-69,8.25,74
"<2>",921,194,"REC_SAFE",15.035535,100.911841,106.2694,226.157,0,17,1,-63,8.25,74
"<2>",921,195,"REC_SAFE",15.035535,100.911841,106.1868,226.157,0,17,1,-65,8,74
"<2>",921,196,"REC_SAFE",15.035535,100.911841,106.1684,226.157,0,17,1,-56,8,74
"<2>",921,197,"REC_SAFE",15.035535,100.911841,106.3366,226.157,0,17,1,-56,7.5,74
"<2>",921,198,"REC_SAFE",15.035535,100.911841,106.3679,226.157,0,17,1,-54,7.5,74
"<2>",921,199,"REC_SAFE",15.035535,100.911841,106.292,226.157,0,17,1,-57,8.25,74
"<2>",921,200,"REC_SAFE",15.035535,100.911841,106.3536,226.157,0,17,1,-54,7.75,74
"<2>",921,201,"REC_SAFE",15.035535,100.911841,106.33,226.157,0,17,1,-57,7.5,74
"<2>",921,202,"REC_SAFE",15.035535,100.911841,106.4475,226.157,0,17,1,-57,7.25,74
"<2>",921,203,"REC_SAFE",15.035535,100.911841,106.3023,226.157,0,17,1,-56,7.25,74
"<2>",921,204,"REC_SAFE",15.035535,100.911841,106.3602,226.157,0,17,1,-57,8.25,74
"<2>",921,205,"REC_SAFE",15.035535,100.911841,106.4049,226.157,0,17,1,-57,7.75,74
"<2>",921,206,"REC_SAFE",15.035535,100.911841,106.6609,226.157,0,17,1,-58,7.25,74
"<2>",921,207,"REC_SAFE",15.035535,100.911841,106.1658,226.157,0,17,1,-56,8,74
"<2>",921,208,"REC_SAFE",15.035535,100.911841,106.3433,226.157,0,17,1,-55,8.25,74
"<2>",921,209,"REC_SAFE",15.035535,100.911841,106.6573,226.157,0,17,1,-56,8,74
"<2>",921,210,"REC_SAFE",15.035535,100.911841,106.5152,226.157,0,17,1,-58,7.25,74
"<2>",921,211,"REC_SAFE",15.035535,100.911841,106.293,226.157,0,17,1,-58,7,74
"<2>",921,212,"REC_SAFE",15.035535,100.911841,106.4003,226.157,0,17,1,-58,7.75,74
"<2>",921,213,"REC_SAFE",15.035535,100.911841,106.4136,226.157,0,17,1,-61,6.75,74
"<2>",921,214,"REC_SAFE",15.035535,100.911841,106.5793,226.157,0,17,1,-62,7.5,74
"<2>",921,215,"REC_SAFE",15.035535,100.911841,106.6845,226.157,0,17,1,-65,8.25,74
"<2>",921,216,"REC_SAFE",15.035535,100.911841,106.4182,226.157,0,17,1,-57,7.5,74
"<2>",921,217,"REC_SAFE",15.035535,100.911841,106.4464,226.157,0,17,1,-66,8,74
"<2>",921,218,"REC_SAFE",15.035535,100.911841,106.5337,226.157,0,17,1,-66,8.5,74
"<2>",921,219,"REC_SAFE",15.035535,100.911841,106.5362,226.157,0,17,1,-63,8.25,74
"<2>",921,220,"REC_SAFE",15.035535,100.911841,106.6086,226.157,0,17,1,-59,7.75,74
"<2>",921,221,"REC_SAFE",15.035535,100.911841,106.705,226.157,0,17,1,-61,8,74
"<2>",921,222,"REC_SAFE",15.035535,100.911841,106.5532,226.157,0,17,1,-59,8.25,74
"<2>",921,223,"REC_SAFE",15.035535,100.911841,106.6512,226.157,0,17,1,-60,7.75,74
"<2>",921,224,"REC_SAFE",15.035535,100.911841,106.6065,226.157,0,17,1,-59,7.5,74
"<2>",921,225,"REC_SAFE",15.035535,100.911841,106.9893,226.157,0,17,1,-63,8.5,74
"<2>",921,226,"REC_SAFE",15.035535,100.911841,106.9616,226.157,0,17,1,-62,8,74
"<2>",921,227,"REC_SAFE",15.035535,100.911841,106.8077,226.157,0,17,1,-64,7.75,74
"<2>",921,228,"REC_SAFE",15.035535,100.911841,106.5768,226.157,0,17,1,-72,7.5,74